SmokeValue	AirPressure	BatteryHealth	OilLevel	Temperature	VibrationValue	Smoke_Label	Air_Label	Battery_Label	Engine_Label
57.4507123	38.99677718	61.4964345	50.92192442	77.04759593	4.152480636	0	0	0	0
47.92603548	36.62316841	72.10962659	61.39614989	89.53194767	4.093171783	0	0	0	0
59.71532807	32.29815185	59.15160158	65.86394467	90.27025308	1.408713655	0	0	1	0
72.84544785	28.76531611	68.84076941	88.87687657	97.08945519	4.339819617	1	0	0	0
46.48769938	35.49111657	37.12770666	75.56553125	69.49712455	6.465658164	0	0	1	0
46.48794565	33.96742693	79.26587415	56.64518431	98.88850911	2.451535762	0	0	0	0
73.68819223	36.4759661	75.02410951	74.86036289	60	7.096965302	1	0	0	1
61.51152094	35.17585901	58.65822738	54.52696011	80.55173171	5.975549642	1	0	1	0
42.95788421	37.24776358	88.18491337	80.82691054	82.67589236	3.531533356	0	0	0	0
58.13840065	29.32382394	93.75140275	65.28875348	99.49990239	4.716940725	0	0	0	0
43.04873461	38.58697033	42.84880271	69.06363811	90.33946279	8.196643615	0	0	1	1
43.0140537	32.98799802	59.74550443	83.25796648	68.91655419	6.467095627	0	0	1	0
53.62943407	40	59.617153	57.12836431	75.22510311	5.01756731	0	0	1	0
21.30079633	28.55406091	56.20193798	56.02881815	92.98020014	4.524633366	0	0	1	0
24.12623251	40	91.58949684	64.16400674	88.81398987	5.153218141	0	0	0	0
41.56568706	32.98955392	71.12347722	80.38378851	81.31313836	3.976472884	0	0	0	0
34.80753319	28.74290998	69.70970317	54.80653925	82.78749316	0.790500989	0	0	0	0
54.71370999	29.58057083	34.92275271	41.67844402	100.44252	9.084355821	0	0	1	2
36.37963887	30.39826346	87.7083606	65.48841142	82.23461141	5.310649998	0	0	0	0
28.81544448	34.12082973	50.2148321	75.517408	88.67863134	5.79629453	0	0	1	0
71.98473153	34.61417744	76.19865261	82.0026175	122.5490488	4.8841845	1	0	0	1
46.61335549	29.13149998	80.54753876	65.36838638	68.64476045	3.529766399	0	0	0	0
51.01292307	31.87822704	100	65.88573393	62.22235903	4.628151038	0	0	0	0
28.62877721	40	48.82359202	81.53900734	101.753845	1.801210476	0	0	1	0
41.83425913	40	14.60975688	51.302583	79.82035408	9.554172996	0	0	2	1
51.66383885	34.18161835	78.6769909	66.11479225	85.22643708	2.530976003	0	0	0	0
32.73509634	32.19001739	100	71.9042389	78.28265433	2.936067432	0	0	0	0
55.63547028	32.60015663	99.77892706	74.49218721	86.10299789	4.119481591	0	0	0	0
40.99041965	35.06758986	79.19318831	64.90193307	113.9780717	7.57615145	0	0	0	2
45.62459375	26.88603717	65.16727629	70.34441012	102.0319269	5.029017999	0	1	0	0
40.97440082	30.71311731	91.14245193	45.11672647	102.9333527	2.527728408	0	0	0	1
77.78417277	23.65707963	55.52907601	63.41751588	68.75659416	7.508676722	1	2	1	1
49.79754163	33.99611561	84.52715539	74.53508713	72.73269395	6.462001254	0	0	0	0
34.13433607	35.2359797	85.10940318	60.17705966	60	6.076869914	0	0	0	0
62.33817368	29.58406769	96.20419815	70.58984222	77.85928768	6.431468482	1	0	0	0
31.68734525	39.86993382	100	74.46872501	104.3505478	9.788723801	0	0	0	1
53.13295393	25.87117168	82.84831934	66.57450799	97.75419774	9.37018979	0	1	0	1
20.60494814	24.6781256	64.82072749	71.70463771	86.67730106	3.626569314	0	1	0	0
30.07720927	33.12225909	74.48851376	60.37267435	89.66549574	8.247769986	0	0	0	1
52.95291854	37.23549151	39.6184819	67.9338872	79.66671686	5.76633638	0	0	1	0
61.0769987	40	61.10573738	76.1021617	93.07138324	5.998191632	1	0	0	0
52.57052422	29.70557869	66.81435124	71.56972961	101.4881742	1.615458337	0	0	0	0
48.26527576	37.39340417	64.51823204	64.1346873	65.76169819	4.659228469	0	0	0	0
45.48344457	31.80745765	78.04709744	72.24216404	94.49471532	3.374352819	0	0	0	0
27.82217014	31.1368635	58.55160135	77.14609791	103.9865231	6.65611763	0	0	1	0
39.20233687	36.41829969	97.42061335	49.50058721	83.77349567	7.142161001	0	0	0	2
43.09041844	35.26161439	75.0041413	81.59074065	100.5105092	0.851027298	0	0	0	0
65.85683339	24.11803922	74.81399358	66.63745261	130	4.955930272	1	1	0	1
55.15427434	39.38270175	68.44210567	74.25489933	88.43485811	7.24372301	0	0	0	1
23.55439767	38.90045677	78.10381368	81.97246924	95.89960575	4.626642075	0	0	0	0
54.86125954	28.87218649	91.50196529	56.28326303	78.92914375	6.45812729	0	0	0	0
44.22376579	33.97901767	57.65739569	62.90558998	92.71876744	5.702330935	0	0	1	0
39.84617	34.47015093	61.83767022	67.11451304	96.90407437	5.683320464	0	0	0	0
59.17514433	33.30336883	68.92547942	62.16246479	92.9226351	4.457370044	0	0	0	0
65.46499284	29.24847423	48.08258153	87.34936576	74.7045702	2.566838392	1	0	1	0
63.96920179	28.64188316	58.61484281	61.43227906	93.09542657	2.756939705	1	0	1	0
37.41173715	31.87222965	65.47558253	64.44453221	111.9329391	6.418705029	0	0	0	1
45.36181436	37.8636451	92.48778361	72.04389032	96.72953647	5.038916511	0	0	0	0
54.96895147	34.71800077	80.25122658	57.97850474	104.4298078	4.722975511	0	0	0	0
64.63317691	30.14692834	78.87179823	66.04319288	86.44482045	4.152219915	1	0	0	0
42.81238643	35.85849355	92.01795924	73.17453261	101.2485036	4.389622309	0	0	0	0
47.21511535	20	72.25256423	66.67139596	94.18901757	7.093823589	0	2	0	1
33.40497539	37.7438285	82.809297	69.06613141	75.73633905	4.329511836	0	0	0	0
32.05690064	23.30143111	72.93556494	64.70667888	94.77781507	2.317870573	0	2	0	0
62.18788734	30.18779529	80.30724699	54.85529691	75.12455005	6.487303551	1	0	0	0
70.34360043	26.40165053	63.34482685	73.21593211	80.50679588	4.590246672	1	1	0	0
48.91984818	25.52659262	26.22365683	87.54933072	92.83992461	5.062791731	0	1	2	0
65.05299347	37.80413394	72.31441676	70.18401631	94.4586641	8.215156613	1	0	0	1
55.42454038	29.66149399	100	72.25264117	72.16151302	4.958878885	0	0	0	0
40.32320368	33.73251941	93.52430804	76.92722755	105.8097866	5.578367346	0	0	0	0
55.42093408	31.76539711	94.30794969	57.30669503	98.58009417	2.642153017	0	0	0	0
73.0705485	34.38520414	99.72261444	87.02514658	79.42907347	4.560661095	1	0	0	0
49.46260941	32.38410946	76.77315182	72.02328796	66.93622805	6.21905209	0	0	0	0
73.46965484	25.58503888	78.94631415	86.31856899	87.82643131	1.889252532	1	1	0	0
10.70382344	36.9813341	62.64696209	62.66967004	83.31084429	5.401690186	0	0	0	0
62.32853757	29.53121708	68.67854288	88.18061923	91.69710686	5.201582145	1	0	0	0
51.30570602	24.21709051	87.315423	77.75155494	84.55325008	5.082574911	0	1	0	0
45.51488974	29.8594242	99.07768874	75.53040086	60	7.074317797	0	0	0	1
51.37641165	39.50379895	72.21107449	72.34024454	84.17479593	5.66887703	0	0	0	0
20.18646628	36.25110871	65.9962147	67.51471382	85.41571333	7.956143797	0	0	0	1
46.70492168	30.25673933	75.01055918	82.00531658	99.50491537	3.012820969	0	0	0	0
55.35668857	30.25371148	87.02413498	71.4035987	79.52700488	5.271849134	0	0	0	0
72.16841067	30.39182474	46.12290368	50.32930296	115.1801201	5.168933573	1	0	1	1
42.22594673	40	29.07638094	58.82813538	61.32539174	2.861491012	0	0	2	0
37.87259596	33.90967726	63.98926301	68.14154248	109.6675125	6.912590004	0	0	0	0
42.47364435	34.15020824	50.58575148	73.09998983	86.63521544	9.649346612	0	0	1	1
63.73103177	37.15141727	64.83719605	69.43411511	102.8937731	4.965987851	1	0	0	0
54.93126664	33.1939458	72.04439362	82.1897079	91.19702226	6.010042177	0	0	0	0
42.05359694	30.70478927	65.93503182	50.48898136	107.093333	5.169036952	0	0	0	0
57.6990115	31.01825075	100	71.43587937	84.18957053	3.57283066	0	0	0	0
51.45616324	31.6419937	81.53489529	51.82020775	73.52069362	1.358479444	0	0	0	0
64.52967486	31.81388882	81.00948719	77.59712295	111.3075643	3.588453034	1	0	0	1
39.46920359	35.63814772	87.44414288	69.05541286	88.29779031	2.216083238	0	0	0	0
45.0850678	32.25972943	52.22333764	74.19609972	93.3233771	8.408204156	0	0	1	1
44.1183777	35.66320039	95.78223575	61.36117039	108.5212787	4.769780612	0	0	0	0
28.04727578	31.5964171	73.48471427	82.79464932	74.52067137	4.308161342	0	0	0	0
54.44180416	32.39317595	88.40961234	80.41724664	98.93236346	6.77830765	0	0	0	0
53.91582908	22.00899658	53.56285534	75.83544303	81.15157865	2.756497794	0	2	1	0
50.07670185	36.58163837	43.92482468	68.70482753	88.01745967	3.466271924	0	0	1	0
46.481193	33.73244238	91.35779316	75.79857285	91.08418448	5.136144538	0	0	0	0
28.76943887	36.99005055	82.52819052	62.93107432	67.49667208	7.057537983	0	0	0	1
43.69032016	20	56.95896891	78.55555659	78.31744436	6.00337009	0	2	1	0
44.85928225	40	57.60673837	86.49480894	110.2660934	5.496650285	0	0	1	1
37.96584096	31.30205186	97.50869569	80.7061056	103.2928678	5.15623547	0	0	0	0
47.58071433	37.54091408	51.21176214	62.7039753	89.06040634	5.800471711	0	0	1	0
56.06076285	26.80047036	100	73.61417317	93.64685188	5.40330581	0	1	0	0
78.29278852	35.06386953	56.98758531	57.06858456	85.58636242	2.94005545	1	0	1	0
52.61866719	26.73292218	87.76783851	75.72390311	110.3487508	5.092158443	0	1	0	1
53.86325586	28.8811552	68.42763049	74.50603413	86.99471133	2.852622682	0	0	0	0
48.88331126	40	87.06374862	51.3018366	93.47763138	5.162165086	0	0	0	0
21.21843177	31.046588	64.11771996	58.38216156	107.1904522	4.038704117	0	0	0	0
49.60229187	33.08716437	71.74414188	67.16861103	78.33942773	10	0	0	0	1
50.90345315	36.35033865	75.81838351	66.99140253	113.3818378	4.920211232	0	0	0	1
86.94863169	34.47840944	54.95625088	57.90523065	67.04307885	2.191520867	2	0	1	0
47.11458553	32.75209453	89.81648691	73.88978729	114.444632	4.731639579	0	0	0	1
54.52321014	33.82480501	64.73572867	72.51473609	84.40986624	6.038717491	0	0	0	0
49.47932345	40	70.42800169	68.05730868	86.35951878	8.346727892	0	0	0	1
32.46982944	31.71190601	55.11301251	62.442085	61.64984743	3.8210952	0	0	1	0
67.14234222	33.00549523	23.75332682	80.48707126	83.17807924	1.835144052	1	0	2	0
61.27899549	37.25327198	71.17944475	86.55407113	74.40290203	6.633674023	1	0	0	0
61.86547921	37.52762966	100	65.16438516	80.88530482	2.238802588	1	0	0	0
36.35918818	37.93515153	90.69208576	63.87833083	87.94033551	4.127689117	0	0	0	0
71.04191466	35.19365111	74.61479241	74.91207665	104.3668742	4.484759029	1	0	0	0
28.97223406	26.28497544	69.74218342	66.4197062	93.11405027	4.860733093	0	1	0	0
58.80285641	40	75.44931786	68.60602799	94.6151498	6.378328914	0	0	0	0
82.85683439	26.26827303	85.9423823	77.39653152	73.56720917	3.632731435	2	1	0	0
35.14195512	33.51317733	51.38374369	50.90643912	76.78868866	4.452541496	0	0	1	0
41.50553406	28.22862075	97.28643389	83.18302325	116.9808753	4.971459294	0	0	0	1
51.49477048	31.67930827	89.30762631	70.72680524	78.97198448	5.299195915	0	0	0	0
42.44786519	33.64381205	89.36371451	65.88506855	114.8431238	5.195654349	0	0	0	1
26.74004853	33.60678608	83.76951478	69.10765846	86.35408202	5.87201155	0	0	0	0
51.02844462	34.10960377	75.39233315	69.62429355	90.03431904	6.687679019	0	0	0	0
34.06544429	40	88.45722472	52.68798697	106.0554774	5.785268231	0	0	0	0
57.10388646	34.26767151	86.83628267	84.94938227	109.0783863	5.907171047	0	0	0	0
36.20863649	30.77921682	67.91918578	70.41325632	88.3378116	1.835553667	0	0	0	0
73.24901608	36.82043584	63.52796454	74.4300213	84.1763542	5.100455398	1	0	0	0
38.25120061	37.94735244	77.03712591	79.51549771	89.16119327	5.959015096	0	0	0	0
45.16907726	25.86196092	100	59.78837542	95.06936292	6.457882389	0	1	0	0
62.20275826	34.98700035	50.21785849	74.73471899	103.3695553	3.615298452	1	0	1	0
31.53703525	35.50586371	45.64949468	67.32358909	90.06344788	3.68192145	0	0	1	0
53.41189902	30.51218248	78.29521682	78.46770775	99.28329447	3.851798649	0	0	0	0
69.60714131	38.87853407	76.01775404	48.7277258	114.575396	6.0728278	1	0	0	2
25.88775148	31.24972206	78.46683329	69.009057	95.71964418	7.06776211	0	0	0	1
52.76950788	32.62788227	79.87906396	63.97179344	94.67479284	4.185079785	0	0	0	0
53.89824191	31.13464088	70.53595491	74.32262951	67.21633762	6.815924627	0	0	0	0
61.72734308	32.07789524	100	74.70044187	60	5.246959618	1	0	0	0
31.44573934	26.51862457	42.98192043	62.92374105	95.82563594	4.751428446	0	1	1	0
30.1931508	24.79974559	58.4300595	62.87826136	88.57763653	4.57723154	0	1	1	0
57.82912348	39.97252532	72.9349048	68.89334631	82.27825988	6.493222729	0	0	0	0
54.4547701	27.76519326	42.13622378	61.03357773	93.65295306	5.651155634	0	1	1	0
53.75739276	27.04303825	71.48291191	78.41983695	89.09394406	9.551650855	0	1	0	1
55.19672314	21.23304943	100	66.307928	106.9167038	3.295550714	0	2	0	0
39.79962918	28.80519126	75.41772977	40.93011781	91.29166302	6.036203404	0	0	0	1
53.48380546	25.38455103	79.61401811	66.25177943	78.79615072	3.94159798	0	1	0	0
54.3960871	40	49.7967047	59.61456179	104.8524936	3.261426026	0	0	1	0
39.28472873	37.04908545	62.67277184	53.68724185	86.74303388	4.978265726	0	0	0	0
77.98661767	28.55924827	67.49607239	57.62573362	97.89805026	5.274704959	1	0	0	0
57.10749381	40	68.64569806	71.09408472	82.83883941	10	0	0	0	1
32.13044754	36.90882743	100	83.28640828	80.25259672	4.631708369	0	0	0	0
59.84830413	30.37584308	86.15382121	73.13184474	91.26252345	2.739642541	0	0	0	0
35.37977495	20	52.77084086	63.93496612	90.19242965	5.546021435	0	2	1	0
61.80626906	40	79.93009557	74.55904195	97.19740553	0.850719925	1	0	0	0
67.37893369	25.05213767	84.96443497	65.4090969	85.9703137	4.816086435	1	1	0	0
37.68976522	23.77300627	97.80298077	63.05399631	62.45460324	5.032050565	0	2	0	0
64.45064194	37.11285216	100	58.45637332	83.50839175	6.589200766	1	0	0	0
56.1917139	40	54.69811616	52.48171193	101.907277	6.947244499	0	0	1	0
62.3309024	38.92136409	58.78284978	66.10076293	85.53935881	3.992860762	1	0	1	0
78.45189474	34.8195456	49.84844282	71.5805349	86.30424896	4.698771971	1	0	1	0
46.31917826	34.97377171	70.31960282	69.0337633	104.7956476	3.467758339	0	0	0	0
38.69395753	36.26707779	84.32716749	65.84033072	79.32040159	2.74387489	0	0	0	0
36.65728356	35.79464295	94.74669033	60.54253939	66.85795173	5.619789559	0	0	0	0
37.76284573	33.40595712	73.48097953	76.08246192	87.59053321	2.452828903	0	0	0	0
48.84347436	32.52100552	68.60304953	56.8286808	82.73739073	4.170746199	0	0	0	0
55.11727962	31.68703436	78.03515984	77.76027914	75.5063052	3.00965208	0	0	0	0
54.15036199	28.23017706	58.29714197	59.97782981	87.36932316	6.099366373	0	0	1	0
62.40774874	30.59662462	100	62.47564763	97.37258471	8.602860199	1	0	0	1
50.19502838	23.53521593	42.84677946	55.33214809	89.86067158	2.396824034	0	2	1	0
71.80301116	31.50830187	78.69481158	64.98597853	94.60471609	1.293963034	1	0	0	0
46.0301475	27.05704446	100	79.75312458	117.2011155	4.750226229	0	1	0	1
90.8025375	26.48205341	75.13599689	75.15628088	84.85681708	5.031395592	2	1	0	0
59.38501022	32.89947076	71.1992193	79.78422112	94.17522952	5.437318614	0	0	0	0
37.14263665	38.96001143	67.85109154	75.22142546	82.36179956	4.10735897	0	0	0	0
33.93661253	36.59158303	71.39216636	58.96330171	77.3046042	4.598721402	0	0	0	0
57.23708623	24.14749698	100	66.69210776	81.2263852	5.735020821	0	1	0	0
46.64805822	27.05185932	30.76276177	62.19800871	82.81862143	7.080861785	0	1	1	1
60.71000741	36.70385594	100	83.30574904	95.39213696	1.089902459	1	0	0	0
57.09856437	27.08756303	46.52085695	58.03211354	125.2361368	4.262121122	0	1	1	1
48.90756631	30.87683425	69.66695342	78.93697689	79.25934846	5.427617588	0	0	0	0
37.29809423	34.7502605	66.41511159	78.9295387	83.75062042	3.164047791	0	0	0	0
27.27729163	27.15827773	86.7710654	88.29620202	89.0531548	8.462339264	0	1	0	1
43.30227572	32.52687753	43.03751296	65.90313407	95.93698273	3.72918024	0	0	1	0
62.84598191	25.32987253	84.24345332	77.1232216	93.95326218	4.917414626	1	1	0	0
53.21140616	28.99316178	100	92.81651837	109.2614369	6.112044194	0	0	0	0
31.31391832	33.59890967	47.73651991	63.82358323	60	3.817430422	0	0	1	0
52.59771389	24.03503133	78.79412335	54.64959752	60	1.306853904	0	1	0	0
55.7797607	34.20237369	61.76035644	51.19989966	82.56182742	4.142690946	0	0	0	0
36.74213846	31.90181101	83.51774412	77.12712029	106.4595028	7.058881112	0	0	0	1
52.30587659	34.76244977	75.38295555	51.16849792	66.51527953	4.326209746	0	0	0	0
50.87313078	33.11957067	62.17026182	66.27680947	60	3.307131397	0	0	0	0
32.85544553	38.82070215	84.7574457	74.37313187	98.56769109	6.851344419	0	0	0	0
55.36681041	32.62612251	100	71.85175537	93.65485836	4.338450208	0	0	0	0
58.4117679	29.85297229	71.18192417	74.25444864	73.6468739	3.979678373	0	0	0	0
66.24576865	32.61148752	89.39515884	72.22289856	75.21690599	5.298912179	1	0	0	0
65.80703078	34.71649015	49.13454084	82.78865813	75.45384421	6.541500419	1	0	1	0
29.33495948	32.24430035	55.87127246	60.47683619	91.65802976	9.763427063	0	0	1	1
35.9326244	32.20295846	84.44812556	63.23004862	80.60527086	6.654472215	0	0	0	0
57.72552901	28.49004156	100	62.27340555	97.41095878	7.319679933	0	0	0	1
57.70678926	28.68549541	82.11226698	78.30191812	60	3.988067602	0	0	0	0
57.72571529	24.98697364	68.73883939	79.00398588	77.14722202	2.948263788	0	1	0	0
100	40	74.98582811	74.51225319	73.10919059	5.124662699	2	0	0	0
58.56335766	25.78068382	49.99184532	81.83493667	86.15488982	5.214339831	0	1	1	0
67.0334846	28.53547401	87.09030653	58.21959133	81.92928362	2.842974517	1	0	0	0
64.31002645	28.40796367	92.64666125	86.67224112	101.9676567	4.64941094	1	0	0	0
59.77086877	36.47462188	65.95819334	85.23238622	62.10994843	5.798635203	0	0	0	0
45.27096133	30.52525161	65.59915704	77.35621997	90.68237214	5.72078679	0	0	0	0
61.38453831	38.23871036	80.31756459	87.81798909	98.37504635	6.008575707	1	0	0	0
38.40762178	28.63254688	66.26560528	53.43376792	117.8497115	5.58192946	0	0	0	1
46.4477209	33.39497081	73.67734771	64.75551864	82.77351043	3.985982681	0	0	0	0
42.71954678	27.82326473	100	62.64696539	94.86687907	3.972198747	0	1	0	0
51.22811209	40	70.05948599	77.21479324	62.94205811	2.602097204	0	0	0	0
84.7198785	26.0620079	67.83319696	59.4985926	60	8.569550078	2	1	0	1
21.99102211	33.54910355	62.04916389	77.57495149	102.6716156	5.026900729	0	0	0	0
60.29390286	35.1688844	89.88383943	83.70536144	89.9165956	4.550293888	1	0	0	0
25.80926193	34.06899549	71.37551654	76.952029	107.6776903	3.142415837	0	0	0	0
42.92102201	31.07356171	62.01253923	72.83751024	69.39895667	10	0	0	0	1
66.33425895	31.3508965	100	60.12126659	97.79853209	2.853343936	1	0	0	0
50.96420029	32.21905736	100	61.53149034	118.0322676	4.142304149	0	0	0	1
33.83382833	31.26498999	62.99152869	82.49618905	96.29558413	5.831673673	0	0	0	0
39.27044436	36.81939558	37.66920097	77.79349004	94.14872258	6.200425931	0	0	1	0
60.19396623	40	95.1502738	69.60980481	90.12834121	6.91586411	1	0	0	0
39.04450052	29.21254107	61.30740348	65.82090454	66.43677814	8.615217016	0	0	0	1
53.24687884	25.1509851	90.81251198	49.74192127	110.333594	6.012315311	0	1	0	2
50.6835776	31.55858976	35.59792365	59.29147581	80.8371354	2.8879384	0	0	1	0
40.22599479	40	92.85194677	89.11419087	97.56724885	4.48610975	0	0	0	0
82.15916134	27.98162716	50.77656141	57.19544429	66.5544854	5.615664745	2	1	1	0
59.50878533	40	89.61528238	71.89479821	72.30810503	9.136452083	0	0	0	1
19.6228612	40	75.28546136	80.07443973	111.526311	2.204389043	0	0	0	1
52.79681472	29.23205879	55.92121161	57.45077332	84.79046567	7.40515301	0	0	1	1
40.07320303	34.8449154	66.85927374	71.84710475	111.7991321	5.359828739	0	0	0	1
62.78650002	40	88.72636914	79.37915538	88.82654011	6.67566107	1	0	0	0
38.11218892	30.1043613	77.11788906	70.12499322	62.37153341	4.796010567	0	0	0	0
48.27895338	30.9820982	86.68825961	98.68403056	103.381014	3.31513474	0	0	0	0
57.57480918	29.09159543	100	53.31400741	81.15161523	6.501745559	0	0	0	0
62.98632791	26.92621635	43.71516777	80.5872853	100.4803322	6.308862054	1	1	1	0
31.99555389	28.75361227	100	68.27198263	90.37816301	6.944113931	0	0	0	0
44.98248146	25.88029867	77.08711875	77.71920155	66.85322658	4.973390729	0	1	0	0
42.87582033	32.17041734	57.02431903	74.41307152	92.46442148	3.800355953	0	0	1	0
40.20006151	28.15013384	48.39372749	62.66843803	122.9433471	1.88242601	0	0	1	1
76.4818136	33.16892956	71.21759218	72.28996392	97.39479688	6.638746536	1	0	0	0
56.07472566	24.22052177	93.43300224	51.42098549	89.1372337	5.847778965	0	1	0	0
31.08674068	33.65440116	72.44901759	76.03247501	106.130151	3.068434734	0	0	0	0
63.76792921	36.16764481	100	72.98158466	93.16002698	3.922852653	1	0	0	0
81.83234296	22.03132179	45.9764862	76.38660169	93.14301345	4.066482376	2	2	1	0
65.48697891	33.87028285	74.75822104	80.58118325	73.62562242	2.034031136	1	0	0	0
27.20945051	38.13834496	49.95213111	73.6761984	93.50772039	3.364635207	0	0	1	0
42.73648891	25.95179491	82.27263765	71.4808942	105.5316512	2.732339286	0	1	0	0
69.00366724	40	92.7377478	61.18931663	77.45906772	4.175041976	1	0	0	0
39.38495802	34.09509505	66.58476413	62.87779236	111.3674373	3.522605003	0	0	0	1
56.65729142	28.47494072	22.91572287	81.8673462	88.62440964	1.745990158	0	0	2	0
61.6195108	31.72115461	78.97896294	84.36335406	76.68345733	9.045180461	1	0	0	1
36.09604293	34.79163456	83.73477103	67.61889564	104.9644812	7.505081462	0	0	0	1
49.10711966	32.38002696	83.0858951	70.46002747	85.69808646	3.441961157	0	0	0	0
1.380989899	34.69377996	99.71564384	60.95385625	101.3927233	5.544842793	0	0	0	0
34.63418538	27.39663203	53.57892641	81.72756845	85.62362052	5.83493018	0	1	1	0
46.21147773	32.84680412	88.60432211	76.65416824	89.10260785	7.38217171	0	0	0	1
31.28325227	24.93142752	98.85015025	89.41217436	97.40340307	3.362789947	0	1	0	0
74.48616956	31.44386969	39.42824832	61.21676923	94.36345586	7.184213568	1	0	1	1
28.54787933	27.48046179	81.39303652	66.21992101	60.06702329	3.904189392	0	1	0	0
43.3993327	28.32235029	64.91640338	72.31445923	73.1813439	2.328275192	0	0	0	0
51.96110866	38.18046588	73.36954654	76.46489538	103.9411498	6.448273119	0	0	0	0
71.61909934	37.4565506	81.95352967	67.84332362	88.01795117	7.581516848	1	0	0	1
28.46206773	35.0456906	65.25542872	61.2703891	82.14403046	10	0	0	0	1
67.44745628	26.53843618	61.48583842	78.81407529	69.62138977	2.60054947	1	1	0	0
50.15349592	30.41795775	75.68304835	77.21135363	73.80395518	6.39783937	0	0	0	0
35.27737023	38.0654885	53.25508122	60.83725899	60	4.180397512	0	0	1	0
56.93155211	32.70858457	53.28349742	83.55442801	88.48078922	6.566717421	0	0	1	0
52.98589543	40	88.58746566	81.70198709	81.02343629	2.059020898	0	0	0	0
40.99674684	33.9665892	52.0241193	71.34296497	75.50118164	2.474460449	0	0	1	0
51.04703127	32.96024558	88.32625002	70.79597862	88.97814862	3.448250354	0	0	0	0
44.22029605	30.45441768	84.25182586	75.54057771	95.45955946	5.157928091	0	0	0	0
51.70276018	32.66770452	40.48386542	61.3829693	121.397969	3.717837467	0	0	1	1
59.93196012	31.23765082	61.44870695	70.30031479	67.32174871	6.318108688	0	0	0	0
73.79025224	35.54054338	98.88218806	48.47616455	107.3907156	7.053789237	1	0	0	2
31.43276752	36.78351158	55.37668938	78.76455646	104.5965234	6.199155082	0	0	1	0
81.99550062	28.0700527	65.71191475	54.38506778	78.31360891	8.237575279	2	0	0	1
20.71868301	25.34383523	84.24121787	85.03419828	93.04853932	5.831653259	0	1	0	0
47.72322357	22.81897313	90.66781019	66.69879906	83.13550126	2.566206579	0	2	0	0
58.8247581	34.53995663	69.96922228	67.88333018	92.78532871	7.726753027	0	0	0	1
54.21487802	26.48316697	63.04979611	63.72266094	112.6369652	3.789687529	0	1	0	1
40.6595072	21.23554704	100	67.11961126	99.08409349	6.820836999	0	2	0	0
46.87816624	33.94289302	100	84.18531345	97.6291256	8.147468433	0	0	0	1
42.60498598	40	94.57716102	45.12191343	83.5453602	5.913376021	0	0	0	1
41.15952865	31.96964544	76.70636285	82.76965386	67.73915003	2.007682374	0	0	0	0
62.74403146	36.19245387	58.83468557	73.38023481	86.87297684	3.163575667	1	0	1	0
55.35523229	32.40914679	58.39111187	57.92978352	108.0991223	7.645488934	0	0	1	1
39.60635607	31.50555173	85.45028211	59.24687607	67.09248215	4.661754629	0	0	0	0
63.49399813	36.59538241	83.36796442	86.76393027	74.17365948	5.15914707	1	0	0	0
54.60949281	30.54862728	100	60.5449312	91.89401604	6.517648832	0	0	0	0
62.19293178	33.33696157	88.00900185	58.46649489	75.23017823	6.392645724	1	0	0	0
59.44443263	33.60848903	44.93839396	81.37314542	78.11214829	5.557599625	0	0	1	0
37.56507484	28.65954773	96.03895235	73.38552876	83.64602127	4.582663258	0	0	0	0
41.5972844	36.96021175	55.03878745	60.62074423	69.51573894	4.374663109	0	0	1	0
61.20940408	31.12520122	67.32057456	72.16624975	75.38817231	6.715797651	1	0	0	0
59.15555398	28.2212742	80.00400413	59.74247316	100.5514188	6.107139062	0	0	0	0
49.68647609	34.68254922	100	81.00821398	70.38945327	4.485399999	0	0	0	0
51.75991075	27.50766009	100	80.61370965	66.03191798	7.164224626	0	1	0	1
69.16497344	32.14090579	87.13446118	75.32006199	80.54962531	4.74193177	1	0	0	0
41.12642917	31.95440502	71.33606763	73.61661061	100.9793325	3.296675651	0	0	0	0
58.20646072	37.42947783	85.69011297	87.61188125	87.04617288	3.482058602	0	0	0	0
46.96711021	34.37349116	92.75310852	69.99686327	83.03128383	3.042518327	0	0	0	0
46.73478195	31.87486521	68.58664749	58.18125875	90.66538196	4.455179967	0	0	0	0
66.48165278	36.0888315	100	74.49473913	63.81438851	7.467448557	1	0	0	1
62.38124523	38.95103775	79.60141518	90.8604705	97.42058481	3.389809638	1	0	0	0
62.20264454	34.78905153	84.95486178	59.85240507	95.75152547	5.376951522	1	0	0	0
69.58218211	32.0517631	88.31848504	66.38537233	83.86037289	3.686621309	1	0	0	0
50.31505762	25.44081884	83.43173221	74.16446038	105.0888677	4.479381917	0	1	0	0
60.22929457	26.67443168	91.77881001	69.46095151	73.08755852	1.979917576	1	1	0	0
45.34599865	30.47387648	62.65493627	60.1769642	106.9186349	4.558923542	0	0	0	0
54.86249529	28.95243899	63.83396492	81.21857856	92.31740498	4.61258924	0	0	0	0
48.04785418	31.06514349	52.99691534	93.20040722	84.95171115	6.080575888	0	0	1	0
51.45493947	32.28324962	83.79002461	71.96131459	89.70189547	5.446561827	0	0	0	0
58.92735538	34.64846377	90.57873007	60.9593171	88.39102851	2.60321575	0	0	0	0
37.72668975	31.64750611	84.15545732	54.51039475	108.3042434	7.168396488	0	0	0	1
81.38580914	34.43250822	100	72.57975981	73.84981309	5.42060608	2	0	0	0
34.90973928	32.32237207	74.88807962	81.03877343	78.56221141	5.396787034	0	0	0	0
31.78717081	22.12266717	88.37483311	74.75167746	105.5445434	4.981635293	0	2	0	0
67.3716631	27.30332303	53.16598248	69.97596159	81.06697597	3.964485106	1	1	1	0
61.87494041	31.27956222	67.25800595	64.10728348	103.5079962	5.435604679	1	0	0	0
59.36179726	25.95152629	88.91075515	59.07836367	115.4915397	5.951176872	0	1	0	1
59.42518264	34.99964365	91.98204221	78.34751326	83.9730746	1.506208617	0	0	0	0
49.81629841	39.65375416	69.12066105	79.13771621	100.2204349	3.922478325	0	0	0	0
36.54118443	38.09380926	73.56801496	54.54270213	72.69461578	4.490106059	0	0	0	0
51.13706837	30.93278565	44.64252507	85.89838978	101.3209995	5.512341211	0	0	1	0
39.84257433	39.45363068	67.85941598	75.74071221	92.99135979	7.386622012	0	0	0	1
64.626796	32.74333729	92.80766327	83.99594645	97.09557423	3.456518371	1	0	0	0
47.79413928	30.31457014	86.50410032	56.57872252	80.31641892	4.004076306	0	0	0	0
37.61754205	28.93298668	85.01331443	56.34175845	65.08374877	3.974931779	0	0	0	0
45.17921238	30.48765157	75.99547374	68.5103069	97.54878097	3.39694482	0	0	0	0
56.19397181	30.05911591	75.14126317	75.02784427	60	4.30562701	0	0	0	0
41.54413171	32.85208111	61.79357721	87.96360823	85.23974262	6.54160444	0	0	0	0
37.66669407	32.80286991	88.9765684	77.06078914	104.117728	2.892329009	0	0	0	0
53.65530817	32.0152301	83.41945889	67.57318723	92.87846604	5.85562879	0	0	0	0
53.67449857	34.18469085	84.84037696	59.73630792	119.2251397	1.59619554	0	0	0	1
42.39585237	37.95323137	64.47930315	82.30000573	105.3766373	3.877324007	0	0	0	0
42.93442542	36.74777068	31.9331416	60.35294574	80.19152418	4.3410214	0	0	1	0
53.48074906	24.57551016	96.94305424	86.28468555	90.4097007	8.349719346	0	1	0	1
28.27873488	20	65.42325088	67.1561535	89.28943946	4.45039539	0	2	0	0
28.88804338	36.67159956	57.74448472	85.90582073	66.26734855	0.597513053	0	0	1	0
39.22333668	25.16560651	88.86957824	76.7893129	75.89401625	1.002222186	0	1	0	0
46.79829272	30.87617299	67.1597472	68.63004511	81.5885864	5.068059173	0	0	0	0
54.66361348	26.14943487	96.19872768	64.80603628	60	6.227541712	0	1	0	0
72.13034325	22.99009781	87.34011899	66.59092123	90.71240202	5.750911715	1	2	0	0
62.86489435	34.70731364	88.67138646	74.28316692	86.26392233	5.335140212	1	0	0	0
47.60092205	35.7957758	47.68088578	70.77156496	64.90659148	7.324519195	0	0	1	1
49.71475688	29.117448	99.23887971	64.06188592	96.06319298	3.920817559	0	0	0	0
34.96205953	20	80.22501062	68.3436859	100.7380912	6.789821112	0	2	0	0
49.72230296	29.26877776	67.61445722	70.7857703	93.40551718	1.73597023	0	0	0	0
45.67012042	33.95902003	77.86776935	48.71265906	85.13897737	3.190104334	0	0	0	1
54.84077841	24.60544216	39.47529534	74.58168115	98.87163228	1.38591721	0	1	1	0
37.59153585	32.9167996	83.17305623	60.20278775	100.2033054	4.450309399	0	0	0	0
57.79019771	31.92345075	54.41256984	58.46667597	94.61105355	4.907477565	0	0	1	0
72.9910837	34.8964575	47.94659428	53.12655653	77.63081624	5.228202984	1	0	1	0
48.36859777	32.59790184	44.55281628	52.06107502	94.14901148	5.123766706	0	0	1	0
56.02567583	27.1346553	97.2537675	56.44552497	107.9322098	3.144893338	0	1	0	0
60.35215988	37.98285751	62.41473213	62.90979042	81.05056412	4.619518311	1	0	0	0
43.98169292	31.20735213	100	89.53259138	121.4690901	2.005106663	0	0	0	1
53.36138723	31.8634773	64.28397074	64.74120324	82.11553599	7.72645795	0	0	0	1
50.18888601	27.3336602	40.85284085	71.77750106	90.4861052	4.392747854	0	1	1	0
51.46514148	29.78358874	52.6695112	74.00481387	79.91271606	4.022227762	0	0	1	0
38.40485324	27.57598643	99.7162324	71.31065186	93.34906254	8.177880657	0	1	0	1
50.36765261	31.1352697	71.88203644	69.22556539	63.86667461	2.515506933	0	0	0	0
57.46997437	40	64.03425407	58.04706236	81.80937302	2.748825772	0	0	0	0
71.76715412	25.14049429	78.20036452	84.50927548	73.61818199	2.80755935	1	1	0	0
64.38906239	23.93219301	85.03565472	88.07196644	92.03007522	4.864257237	1	2	0	0
82.29773686	39.35585164	97.34797632	53.17341306	104.9167106	5.863263259	2	0	0	0
38.48978656	30.95338161	100	59.75971409	99.69009281	6.479350936	0	0	0	0
63.08480955	28.65463631	67.80462708	67.20189658	60	10	1	0	0	1
52.75013009	37.19952344	48.47904628	60.35462205	120.6310448	0.501135092	0	0	1	1
82.847044	28.9719223	66.73069678	75.05965553	94.42919911	6.217471178	2	0	0	0
37.87552572	40	80.20561013	62.71727798	78.35251289	3.885738855	0	0	0	0
37.40417237	35.38962936	55.72482148	91.65056068	92.35691878	3.827169702	0	0	1	0
41.00911032	29.56044296	55.8569817	81.90548594	92.64284734	3.760455743	0	0	1	0
18.14156414	40	81.87575763	72.12574031	79.99726925	3.182460658	0	0	0	0
42.11367467	28.97142538	74.02695297	80.26986263	92.96875001	8.369049669	0	0	0	1
38.61301008	35.71047686	75.65593991	81.05900424	80.88791569	6.684594654	0	0	0	0
52.2559068	33.4964629	59.83009331	64.36052512	83.93457011	5.046391957	0	0	1	0
55.12633964	38.50870645	70.39198572	61.83782755	79.70581296	7.702031505	0	0	0	1
78.14256259	39.80755598	56.51533711	70.78143063	68.50993065	1.974942069	1	0	1	0
64.25635757	32.16002075	92.80396822	78.61636124	92.18754705	2.338589737	1	0	0	0
41.34644517	28.23291065	95.70498669	71.39060399	98.77949155	0.644064536	0	0	0	0
36.52377993	34.29986071	38.07624276	54.23003518	97.72325394	3.60117092	0	0	1	0
57.37878757	28.61142315	56.4097828	61.97175556	102.2988788	5.323397053	0	0	1	0
30.19650189	40	45.0694149	69.26027136	94.86510315	5.205717156	0	0	1	0
77.47188149	32.68267666	61.99952131	69.24334396	82.00911753	5.298683822	1	0	0	0
67.69160181	30.17339224	73.3312406	89.72542177	102.594958	2.177886338	1	0	0	0
42.96236522	32.92340153	46.00709561	56.14012058	69.6372369	6.606309485	0	0	1	0
24.30298206	25.26436855	56.56280374	75.05589242	76.48992926	5.479255036	0	1	1	0
70.30808561	27.14192981	54.92085256	84.89113108	75.53699893	6.466108563	1	1	1	0
48.28190232	38.00206954	79.14534659	92.71449745	106.2008409	1.214475645	0	0	0	0
68.56724468	28.71552861	76.38688674	65.95602577	104.1418277	5.622981718	1	0	0	0
26.08358512	26.76544509	60.56524893	74.91429453	97.30957856	2.62446952	0	1	0	0
41.00937466	34.68326376	78.53641744	75.69760357	106.078948	4.205353495	0	0	0	0
50.0786555	37.92852077	64.06639831	71.95481732	76.81075826	6.068729797	0	0	0	0
50.70470891	35.59476655	69.56689779	69.01154799	95.2289268	5.182187213	0	0	0	0
43.24901793	36.98023843	100	74.3597539	88.12238357	3.29692004	0	0	0	0
59.34274899	28.21602456	100	44.67753915	102.7032316	5.012546312	0	0	0	1
33.98569356	24.89094667	49.00837526	76.8206949	88.27163651	1.93692937	0	1	1	0
47.86430772	39.50666826	91.59464836	71.26177904	84.22585667	7.300534792	0	0	0	1
51.80443448	30.38660081	91.22793109	67.77525103	98.11362778	4.589431961	0	0	0	0
57.71658251	30.74583492	52.03473422	90.46862196	103.1425375	7.237099889	0	0	1	1
60.67422317	38.64097071	91.37555288	63.25065981	79.97482208	3.946936626	1	0	0	0
33.13036862	34.78115005	100	65.96924011	89.08386493	3.952848023	0	0	0	0
26.98828744	34.27943886	52.54910388	89.91553302	74.1233905	3.471626427	0	0	1	0
69.16515233	40	56.64994358	61.67938695	60	6.752347863	1	0	1	0
54.98471018	28.78240885	95.35322934	64.49884717	93.00689447	3.581137685	0	0	0	0
38.77270195	36.63920064	80.42990622	68.52974577	99.13358034	6.289190865	0	0	0	0
73.26727963	32.28506562	86.0295255	78.40734482	93.93100214	4.235095205	1	0	0	0
51.73511951	33.34296139	81.81178433	72.07802507	60.75657423	1.0480734	0	0	0	0
67.68945776	39.64234213	82.81391842	57.07374653	84.73725855	3.859371864	1	0	0	0
51.01277722	34.53917878	48.47055743	64.67831437	60	2.641783571	0	0	1	0
80.91121887	34.6914804	95.94635413	63.92645567	110.5455166	5.067805447	2	0	0	1
76.33011264	37.36253669	98.39179985	69.22778955	73.70918127	2.619184529	1	0	0	0
46.26553777	30.17523635	70.41218512	74.25843659	108.8310541	6.851950201	0	0	0	0
64.57356426	27.80395166	74.130461	74.18205756	104.1880447	4.817848279	1	1	0	0
59.68063924	26.77595403	44.37784995	52.23988246	76.49114471	4.64480801	0	1	1	0
70.52947336	22.16821705	85.28509512	80.63940988	73.00822573	6.311784276	1	2	0	0
35.52614809	40	86.44114883	72.52568846	95.25555325	6.927813868	0	0	0	0
60.2907719	26.48395817	73.75617966	83.84532048	77.33513944	4.959802496	1	1	0	0
65.8763673	30.89373188	97.4870672	74.44198327	91.53726963	3.457599401	1	0	0	0
23.6189077	30.6159335	68.31845538	81.01322958	82.75758614	1.452060768	0	0	0	0
32.25112231	33.53703349	86.29211852	74.66545311	63.28262378	3.627900486	0	0	0	0
19.41151733	36.07868606	54.60671323	83.46225756	60	3.765575507	0	0	1	0
45.95889748	36.30236744	74.52895698	75.22250636	93.40026373	5.214114906	0	0	0	0
60.76313384	29.08461281	71.51291484	69.02084754	81.57663381	4.309706238	1	0	0	0
72.53535578	31.16439143	79.50615844	92.7243472	81.70365275	6.375865944	1	0	0	0
51.11142171	33.41289975	67.60946142	78.89037122	100.4379576	3.774033457	0	0	0	0
74.42923318	30.75654437	72.37054809	75.73744421	107.6016341	4.885917666	1	0	0	0
29.29847813	40	91.52094343	57.23695583	85.91182918	7.367974886	0	0	0	1
24.44926341	34.45487476	66.26471526	57.11692383	84.8910194	5.683650428	0	0	0	0
49.16678452	35.67438893	42.86845799	72.92715482	97.5021455	4.879924917	0	0	1	0
55.76098173	35.31440634	100	71.45521198	69.64596645	3.796111116	0	0	0	0
49.50957878	37.86736929	100	63.85877435	93.34729582	3.733537207	0	0	0	0
18.9883685	32.90510779	49.1547461	71.409827	98.27828958	3.298773494	0	0	1	0
48.66319941	25.51584026	88.7941561	85.88626928	100.2034531	3.917986268	0	1	0	0
30.43295749	33.99843976	64.94050459	76.95402475	60.94870946	6.511331677	0	0	0	0
60.04508823	28.74321553	80.26974431	58.5899149	78.57967095	4.556223457	1	0	0	0
55.49897369	29.35691659	80.88448258	68.88491173	76.82605121	2.300453861	0	0	0	0
35.90180321	34.93182009	70.31184399	61.95033519	91.49830432	8.536338586	0	0	0	1
42.29199624	38.19141536	59.32468669	66.12300084	97.2111687	5.639930382	0	0	1	0
34.11179717	32.10635788	61.18917895	65.86384334	112.4506561	2.186113199	0	0	0	1
49.05981354	33.54416506	56.67616169	65.22354417	82.57551779	4.116302146	0	0	1	0
64.32713481	40	58.36355584	57.44864628	82.53641253	5.221772766	1	0	1	0
35.2141093	33.2037659	73.6564342	68.72345318	107.2450803	8.409184187	0	0	0	1
57.56069773	40	60.68480022	64.39392363	94.44865408	2.783775083	0	0	0	0
42.04613572	34.82754823	88.64104131	40.7055131	109.0147727	6.952081439	0	0	0	1
38.10690752	23.1961862	100	90.52972025	94.33092005	7.798972854	0	2	0	1
48.3945446	35.76670811	63.39893517	80.88769654	72.64325072	3.74269139	0	0	0	0
34.47136516	33.90579192	79.78809001	66.23699275	70.00307468	4.444972762	0	0	0	0
41.69526042	38.44876377	84.99370221	70.1881905	66.72731626	2.927381505	0	0	0	0
32.03183161	35.36590676	84.44004542	58.28345653	99.93077752	4.593077718	0	0	0	0
79.47087699	31.30772008	76.51910536	86.95722878	107.8289523	4.926820051	1	0	0	0
50.52895328	25.87850882	89.85364837	88.97288695	117.7404321	6.319299996	0	1	0	1
39.50411738	30.95488371	84.64497905	71.56693728	102.64658	7.180366942	0	0	0	1
53.20969866	27.74739773	50.24675155	80.23530644	107.4425787	3.503807871	0	1	1	0
48.31507925	29.09738275	92.38312129	71.75286779	81.29975501	1.065349872	0	0	0	0
46.68545601	34.94289202	92.74581675	56.63274561	72.65376275	4.957510441	0	0	0	0
59.2125005	40	59.73427792	65.88176631	102.75119	5.58707506	0	0	1	0
61.36261565	33.97335765	75.75875671	71.31927967	96.26521128	5.498835375	1	0	0	0
42.04248279	26.02058469	88.66657986	65.45452281	91.61166562	4.346653505	0	1	0	0
41.36272639	34.22301334	70.81372361	67.81346723	95.81057221	5.249504199	0	0	0	0
45.87422454	37.98315743	96.45956096	69.08600442	94.84778224	8.030889617	0	0	0	1
15.47118253	28.95108548	100	69.19121502	109.2572529	5.763468338	0	0	0	0
27.27213407	31.32991417	59.28027935	70.5225849	109.4247838	4.25326315	0	0	1	0
70.50311401	32.07344097	47.37910794	59.39394934	98.16330529	3.999604366	1	0	1	0
74.6745157	28.07550843	81.07637191	62.82983851	102.6870431	4.660295285	1	0	0	0
46.26445941	35.24140217	89.4312501	57.15415734	97.71093829	8.273479924	0	0	0	1
58.64835445	31.39525926	70.38267252	79.7781555	83.08245402	4.633398581	0	0	0	0
54.66875232	34.09766222	100	48.94353058	101.3484701	4.960411311	0	0	0	1
96.18321213	27.56253911	48.22788401	81.53590343	69.08257397	4.035372858	2	1	1	0
66.79362367	29.8127085	88.85837246	83.86349397	105.8083733	7.197966715	1	0	0	1
48.08123613	35.61190679	62.88278358	66.97819413	72.0821559	8.919674509	0	0	0	1
35.66689339	30.13583424	100	43.96862912	94.2870493	5.901226099	0	0	0	1
25.9033052	40	100	66.38689438	77.32269062	5.165545808	0	0	0	0
53.05195454	30.00181907	59.66686824	69.35815839	98.30083475	5.073565666	0	0	1	0
38.65473882	33.12342363	64.00885728	59.8940178	89.49112161	0.231386422	0	0	0	0
28.66619436	36.66295416	92.19175774	64.84781606	66.07866063	6.490301729	0	0	0	0
40.30140674	24.90817134	67.257387	85.30195199	96.31049447	5.268332832	0	1	0	0
33.77677995	23.19595594	74.09177564	76.64927162	81.33118835	5.856684101	0	2	0	0
75.30712453	24.37171843	75.50776841	60.75435886	103.2172008	3.577075612	1	1	0	0
63.22459635	38.31292052	36.60653688	54.0240083	90.01988533	4.231086242	1	0	1	0
49.88041038	29.24070927	74.72324508	66.72982682	95.93131478	4.177950127	0	0	0	0
72.19916208	40	61.20544452	67.86543221	75.63646567	7.043245968	1	0	0	1
51.16052461	29.17876201	65.13754355	74.96199187	81.16001653	4.242480327	0	0	0	0
37.08073698	32.92275652	100	64.64683287	83.12042046	9.165320644	0	0	0	1
72.84686116	39.71054976	49.86986211	75.11499575	102.8505372	5.861724838	1	0	1	0
58.08365066	40	91.26410373	89.3515404	115.1606563	2.44863468	0	0	0	1
34.44130769	40	69.42074139	78.15501022	77.92242372	4.742907413	0	0	0	0
47.14491983	38.04183115	69.40479663	69.51911493	106.1527222	3.696649756	0	0	0	0
36.8657262	37.12031263	90.80743792	68.16849529	60	0.61123506	0	0	0	0
29.25800404	34.96263475	81.80102589	66.43326866	72.08715898	8.19894188	0	0	0	1
63.89266321	35.89180538	86.41225994	81.80640912	75.61832316	6.406285084	1	0	0	0
78.64124961	29.24407142	94.36369321	63.72686554	69.71236966	6.066414636	1	0	0	0
29.02148639	27.90900558	68.37383234	70.45222709	66.24617415	5.330807321	0	1	0	0
58.44453855	31.98312771	62.75526531	70.51197902	96.19498368	2.235964863	0	0	0	0
40.24036146	31.14907689	53.29698947	64.98215807	86.78898453	4.032765721	0	0	1	0
42.69311924	29.73385975	58.4917894	56.27534452	95.69108096	6.68356155	0	0	1	0
41.11409114	35.48193724	100	73.22974504	100.3570903	2.89755994	0	0	0	0
37.04013845	36.77652604	99.89359161	69.38996028	93.9842549	0	0	0	0	0
50.72782442	32.44203443	47.97851268	75.00240469	99.86644764	4.545787984	0	0	1	0
37.53574825	39.38765041	48.55084087	64.66399694	88.95701571	4.716484892	0	0	1	0
54.05685239	26.29155443	84.63732123	82.20821299	72.19509918	5.271126833	0	1	0	0
49.24642836	31.0317027	85.94529595	61.23226219	105.8672127	6.457037287	0	0	0	0
46.4157793	28.4158884	85.97767671	87.12040284	81.16331801	6.275211624	0	0	0	0
36.38654507	22.66731691	69.90088413	52.5236349	75.96605552	5.51753961	0	2	0	0
41.34843004	31.58659657	72.4909148	74.34770065	87.33123186	7.391062776	0	0	0	1
61.33086839	31.39126246	81.55759048	74.75430683	76.30783621	1.962060438	1	0	0	0
57.51375781	39.56724872	76.71786013	62.04442932	83.73854427	6.009163629	0	0	0	0
35.33667133	35.15405842	30.61399255	74.24393938	95.16080882	6.253076727	0	0	1	0
51.48998458	26.87906588	70.40400739	82.7951867	95.22512609	2.520875428	0	1	0	0
61.27080685	40	57.97187131	47.83181161	76.532549	1.994258783	1	0	1	1
24.95892078	38.10516848	78.50422838	75.02744807	82.68441941	3.508115747	0	0	0	0
58.15040289	34.91048852	100	45.0672918	106.1149951	3.676917115	0	0	0	1
40.06064362	30.86757951	82.34963331	60.34335196	97.44600177	6.506838927	0	0	0	0
58.55898003	27.20280382	68.72940628	86.29166365	121.1259756	3.770922433	0	1	0	1
38.55111265	30.13896612	93.43603004	64.18217967	107.7019226	3.287302963	0	0	0	0
22.92676849	37.4437431	84.65375774	58.26120036	107.164396	3.776732527	0	0	0	0
25.58686343	40	83.40188981	68.02062271	69.18197174	7.237264668	0	0	0	1
50.7212742	39.71621764	87.13701186	90.67906338	101.4579053	5.026086749	0	0	0	0
53.89583753	29.55575289	100	51.68317753	89.20339797	4.641497949	0	0	0	0
36.43525062	26.40191283	52.38223129	59.48690088	81.73527295	4.779989003	0	1	1	0
59.57888688	32.70443123	84.47264154	84.97431683	92.52023011	7.584120669	0	0	0	1
25.07719907	23.15780317	56.4723774	88.57702344	104.178173	3.501656547	0	2	1	0
49.00880302	33.61583857	86.11025293	68.96568776	97.51247387	7.631016582	0	0	0	1
31.834757	31.26198707	56.62626977	57.60947297	76.82289298	5.420992598	0	0	1	0
40.22245838	29.66981749	66.65266373	90.95843502	101.1368837	4.679161236	0	0	0	0
50.71098007	24.02648466	69.09820172	85.94442392	80.43618687	10	0	1	0	1
37.09379952	34.56800053	94.51633439	76.78946988	93.25024678	2.88872102	0	0	0	0
44.23166684	29.3364958	93.36908888	61.87597651	85.44974899	4.292628481	0	0	0	0
65.09439214	26.15041582	50.08565247	69.50970659	86.71700622	2.535137522	1	1	1	0
41.34662196	20	76.09868222	68.39639919	101.4936446	6.904923941	0	2	0	0
62.53538168	31.86242547	60.80840291	73.30851305	74.3970942	8.378377867	1	0	0	1
33.05439718	40	49.82990179	84.51001438	119.1779261	8.339845563	0	0	1	2
57.94706267	40	70.65965899	78.79417041	62.68370896	7.447897506	0	0	0	1
71.62352931	29.71451872	68.83034423	59.22623923	81.03498475	4.604759064	1	0	0	0
12.9253325	28.9889397	100	83.7649645	95.55317835	4.269518045	0	0	0	0
38.04657117	34.34387128	83.65919651	73.1313214	98.7647125	1.657660455	0	0	0	0
58.65608191	27.0080728	47.44764998	76.87065796	88.49286419	9.07174707	0	1	1	1
46.95431921	33.5089595	63.70451992	84.66540859	89.13913945	5.937956156	0	0	0	0
55.5671881	35.83040139	95.42766591	58.8841975	96.15825128	4.01608619	0	0	0	0
40.9402222	38.13466612	100	69.64174421	86.53395784	7.656113778	0	0	0	1
51.29884681	31.49922962	43.28033376	64.68545449	110.8977189	3.054470966	0	0	1	1
47.66484147	30.98163125	37.4015123	54.32140575	102.5902367	5.813244068	0	0	1	0
67.51673092	27.61008707	100	73.46709978	103.0923653	4.654741731	1	1	0	0
53.81631265	27.86559823	82.79228355	95.11556552	75.50764915	6.27735428	0	1	0	0
55.06403993	30.86760554	57.63414536	51.59922255	88.80917363	4.872852922	0	0	1	0
43.82184551	33.83682753	85.69258172	69.67719389	85.49301077	2.098144218	0	0	0	0
42.68590664	36.56792313	22.28504522	76.40542935	74.91597936	5.151152745	0	0	2	0
43.51162718	27.98410525	75.06751013	71.23078202	95.40246276	7.097728284	0	1	0	1
55.91678214	39.46344284	81.55642346	68.86871947	81.93531363	4.941567188	0	0	0	0
43.68523279	30.64438199	93.48540279	57.00783637	99.83105745	6.550230243	0	0	0	0
54.34662285	31.89316353	54.72208095	72.32786743	73.94712656	2.908941029	0	0	1	0
81.13101198	28.2639416	76.71374323	62.43236023	115.7856092	4.947478413	2	0	0	1
63.06687055	20	56.49150748	48.10078295	76.55501012	3.75097909	1	2	1	1
45.10964702	36.42022698	80.10767511	81.94592221	93.28953506	6.49396168	0	0	0	0
68.01820883	35.68421949	57.09307355	79.5838582	101.8778897	5.062983125	1	0	1	0
43.8788694	30.59336221	66.83798322	70.51660977	81.44039355	6.380147353	0	0	0	0
19.42813197	32.33495359	55.0836921	72.29074688	102.7870297	7.175420852	0	0	1	1
34.87870534	34.57969609	88.02272484	80.74318013	71.56224603	6.38323715	0	0	0	0
21.93812118	24.18727072	92.16902233	72.24339657	111.7817655	5.546236869	0	1	0	1
44.72729774	29.35473661	70.3075886	79.04017555	90.21223897	3.003575483	0	0	0	0
50.27627569	35.9713234	75.7647599	67.02517799	81.05382888	4.994427779	0	0	0	0
75.14655968	25.72855288	46.02817171	83.11983739	85.51227341	3.933819196	1	1	1	0
54.90391061	33.46778966	69.00646704	73.20785726	102.133789	4.311872087	0	0	0	0
46.71349207	25.21709098	73.99590766	71.94051944	81.23317062	4.250931698	0	1	0	0
62.44108372	34.33214991	100	57.29938911	78.75963466	3.04014885	1	0	0	0
16.83297036	31.82179259	52.76065948	72.86955854	86.67695104	1.085322822	0	0	1	0
53.53421837	23.92434092	100	61.68045083	72.34556831	3.663713903	0	2	0	0
61.56297791	37.82369677	94.93717547	63.61717273	117.3081586	5.386758904	1	0	0	1
27.82120631	28.32704212	80.61272809	61.84624372	81.50408113	2.303645909	0	0	0	0
67.15631065	27.94873781	100	59.33765068	102.4742518	5.031364473	1	1	0	0
55.07744611	33.00284599	82.44210945	91.24771403	93.14205125	8.800536849	0	0	0	1
43.77068129	37.74318675	82.78318391	83.31339062	75.23198924	7.046113111	0	0	0	1
59.49172799	26.92089091	73.93758694	89.20367502	89.91067936	8.287083018	0	1	0	1
84.06039287	32.30839925	99.47137765	57.7710498	101.7600417	5.782255754	2	0	0	0
52.72799383	34.1440825	96.92938468	70.7125375	87.17607997	7.335019646	0	0	0	1
53.72330879	35.46552804	62.48645425	57.06492375	107.8966942	3.552070539	0	0	0	0
43.10958651	32.88220778	48.61505611	63.04305123	105.3227309	3.711319466	0	0	1	0
37.25233446	30.1648608	70.94038725	60.81873017	103.7837228	0	0	0	0	0
62.45503725	27.8620489	58.99922871	82.39584006	83.10514842	7.372290948	1	1	1	1
37.15874261	32.43071942	73.72950851	66.03770322	73.80236328	8.08064796	0	0	0	1
51.07349356	26.63930494	99.74876269	80.68379334	80.79618592	3.893645509	0	1	0	0
42.8351383	20	65.8539669	76.0412089	92.94361411	4.492096587	0	2	0	0
57.18469739	34.18279902	74.14353237	93.03638752	98.1868007	3.492275773	0	0	0	0
55.00493158	36.51967421	76.1604547	55.20555777	60	5.765307103	0	0	0	0
65.56309916	20.18533782	91.96861764	82.5923324	89.87830198	7.249865091	1	2	0	1
42.34975402	26.95134648	30.06221332	81.4644087	92.37133838	1.514456052	0	1	1	0
45.95187597	35.09577131	62.8659941	60.26621162	85.83683616	5.818877061	0	0	0	0
35.31854426	40	79.22567385	80.07133336	109.3691076	4.446656457	0	0	0	0
43.3356011	32.10396854	99.00157913	73.36144963	96.32670111	5.226788784	0	0	0	0
55.6595074	28.35998529	65.16195105	67.7252374	109.6528786	5.917988003	0	0	0	0
61.35482925	31.08551779	37.46894588	61.76064513	86.76059219	4.623595122	1	0	1	0
36.16752014	38.8743821	87.39422892	62.80890549	104.0621624	4.792826293	0	0	0	0
63.0440888	28.7701791	62.29275222	90.49812096	114.5259959	4.572249665	1	0	0	1
70.33456788	28.00403997	51.20666682	70.00682819	109.6754017	6.940632404	1	0	1	0
56.20152355	29.58628239	62.51309221	77.82130002	73.6178761	5.83751992	0	0	0	0
78.15193719	27.23335696	71.30949285	62.09100618	86.19485884	5.441167075	1	1	0	0
38.39316201	32.61335158	62.90510671	62.20147054	84.82252942	2.458096558	0	0	0	0
31.33017945	40	30.88867886	80.81984809	97.33881803	4.242840514	0	0	1	0
23.31919627	33.61539637	92.94132394	56.50423788	100.2953033	6.797338321	0	0	0	0
72.44066467	30.73823249	100	65.84786232	77.41660989	5.075393146	1	0	0	0
59.81548485	30.54094366	88.03043983	70.34027411	91.01757771	6.319062939	0	0	0	0
49.16622994	24.18404596	52.24628659	71.11372602	60	8.533023601	0	1	1	1
54.19952939	36.41554889	70.97016932	68.20906715	111.6291751	7.077212138	0	0	0	2
33.11766429	31.61081401	74.8695737	73.95819781	82.31438639	5.186316675	0	0	0	0
86.68627969	31.09760043	86.97588779	76.92855756	90.8379591	3.97802166	2	0	0	0
51.93831773	40	88.36680977	77.34637545	85.35525429	0	0	0	0	0
51.64092192	33.49376454	60.31652402	60.14196191	107.1904136	4.663230155	0	0	0	0
60.88649936	28.24104475	76.63991113	67.15844902	60	4.347975008	1	0	0	0
57.21513848	29.86821202	84.14560809	81.94762862	89.75084487	5.780732389	0	0	0	0
53.35826036	37.74222855	100	78.94647188	88.41271864	4.692189546	0	0	0	0
38.14288317	32.56635205	89.0901308	56.27140549	83.19545419	4.359229881	0	0	0	0
57.07202536	24.80861011	90.78113375	73.514799	115.8933982	1.441202139	0	1	0	1
78.23036745	36.59614467	76.67653256	50.21774751	76.69005812	3.120064342	1	0	0	0
70.18130069	28.65927957	100	70.46934902	101.5769427	5.953302082	1	0	0	0
73.8977994	40	83.19525592	88.97767017	95.34379183	8.431815262	1	0	0	1
42.33176485	37.40024033	57.7782418	60.52107283	108.9227888	4.804949233	0	0	1	0
35.1559277	29.76339052	100	61.65676955	79.99216373	5.655622147	0	0	0	0
48.1131962	38.40508181	88.95806545	77.64029782	79.00546651	6.904956314	0	0	0	0
50.83587368	32.33927755	66.13911958	54.57198485	106.4410486	3.378212128	0	0	0	0
66.41287278	36.26386838	65.41014065	63.6724497	96.37981962	5.733628087	1	0	0	0
24.61303055	34.42366409	80.9315109	75.96441138	66.8259398	3.519019787	0	0	0	0
72.94325479	27.76821673	84.26369591	63.65714152	81.91042478	6.729648877	1	1	0	0
47.62988152	28.78225084	78.94584531	67.64030013	95.79573981	5.302806096	0	0	0	0
43.59678395	37.14980409	81.22617347	77.4418571	102.5664633	5.596903628	0	0	0	0
34.81843437	30.32612334	100	74.21546084	79.8115402	3.434802805	0	0	0	0
25.17714992	29.98175768	96.43086304	72.66818396	60	6.414064719	0	0	0	0
62.34755876	27.2243871	78.81271183	66.60877721	97.84834779	9.169425842	1	1	0	1
51.09976951	34.11799533	93.82621162	73.70061115	71.69518965	2.984176609	0	0	0	0
30.6505865	40	54.34952193	68.7626732	60	4.320481985	0	0	1	0
30.57381842	26.66233543	82.958541	74.5780561	60	5.463214948	0	1	0	0
44.96322951	32.12109728	100	65.03067975	102.2097129	6.572812424	0	0	0	0
75.03532288	39.06110278	70.63908209	68.17431026	91.92926176	3.880907429	1	0	0	0
46.10612973	31.60179304	58.04732143	60.10042207	86.61515429	0	0	0	1	0
27.4528557	34.26185898	61.95822223	69.6499239	110.8353654	7.718378988	0	0	0	2
46.31385404	26.68803236	53.20733925	61.88999136	99.55987025	6.521012239	0	1	1	0
45.90914645	34.14153549	59.30476184	58.8595355	114.2445006	1.514104939	0	0	1	1
9.546700356	31.06427867	67.58983803	72.58661148	69.10896792	3.784862416	0	0	0	0
49.185577	36.92864998	46.88865962	72.12739776	89.48174064	8.136364859	0	0	1	1
46.53598205	37.93693026	75.31236668	77.82873735	65.74929938	7.895592837	0	0	0	1
60.44309547	40	93.04554348	65.6887443	86.55926502	6.877280045	1	0	0	0
77.73434142	34.89816587	56.8448764	74.08052847	86.27076219	4.647775132	1	0	1	0
66.89847544	33.62898158	100	75.50797572	99.39920456	5.165974838	1	0	0	0
45.96666964	32.97192151	85.21584177	74.44773808	90.68345822	4.73814839	0	0	0	0
33.40211137	30.23416854	95.61161171	61.74346317	99.35110707	7.256479567	0	0	0	1
88.60039705	33.69241922	61.84330892	71.49363482	100.551602	3.248315187	2	0	0	0
50.88827651	30.52299295	92.09050454	73.64140296	122.3239302	3.38840069	0	0	0	1
50.20893938	32.84230488	53.16132199	70.07178467	85.27055017	7.020549174	0	0	1	1
49.63812369	38.58798768	92.80495002	49.13522342	75.88465949	4.911277089	0	0	0	1
52.97127141	26.96728717	78.4367868	71.60489624	93.69125423	7.756934711	0	1	0	1
47.83459382	37.69939281	86.0650244	92.12531039	77.96579959	3.656975586	0	0	0	0
41.3950699	38.58557534	51.48810789	66.39960731	112.2294115	4.890443279	0	0	1	1
41.79711588	31.40965737	57.09860315	62.71922902	85.75172942	3.15517403	0	0	1	0
49.50870095	21.3907255	86.94456437	73.7334856	81.51635448	5.014725363	0	2	0	0
41.84862843	28.96089006	56.03303992	73.1237821	82.93026418	2.042906126	0	0	1	0
39.30731326	38.48497273	84.26412584	81.92735165	100.7762614	4.024733158	0	0	0	0
51.59645342	31.88565969	47.65724387	57.42131844	87.63379525	2.12749227	0	0	1	0
46.17534174	27.00348884	91.96348425	77.31380253	80.3749977	6.387846466	0	1	0	0
72.55989483	29.47612539	50.3495337	75.90422061	114.9802788	6.43317868	1	0	1	1
10.23545287	36.20310013	86.04599875	68.57853463	77.15745239	1.539474539	0	0	0	0
66.37260278	34.73366784	87.51261867	73.38687318	90.53349111	7.667771491	1	0	0	1
68.69127789	30.8053395	61.06456363	80.29457482	99.78459227	9.994830253	1	0	0	1
18.89914651	30.16587794	86.64053134	78.7231538	65.52997334	5.092012773	0	0	0	0
44.85968609	30.04120925	80.20884527	58.56980688	97.20390752	3.71777148	0	0	0	0
44.42838701	27.38794908	64.22316288	78.20158187	74.17338487	10	0	1	0	1
28.88732458	40	54.82890632	69.35311395	102.3417417	2.362063003	0	0	1	0
38.33274969	30.38839765	35.74748617	70.72874098	75.56023482	5.040212934	0	0	1	0
33.34136232	38.0857926	81.99300095	70.73196991	100.3915355	5.359244545	0	0	0	0
76.28405665	39.60658026	43.70394457	68.49757011	106.587496	7.690295241	1	0	1	1
64.0351759	36.99155449	76.90688399	81.91707497	102.9215479	5.71947795	1	0	0	0
69.07332642	29.84189844	69.73103568	69.1628204	93.76974972	4.002732208	1	0	0	0
60.82508096	34.01865045	88.58285551	58.80453872	86.53048586	3.097631259	1	0	0	0
33.06422343	31.87902197	68.95909001	66.06470144	81.35370635	4.31635636	0	0	0	0
42.13219601	27.4814907	68.41104427	71.78694717	112.0655204	2.986145278	0	1	0	1
57.34061842	33.62179641	89.63741409	82.29214784	79.5075717	5.09565064	0	0	0	0
31.66808287	26.10480104	81.70116058	76.03094685	74.4440089	3.87160764	0	1	0	0
60.69497645	37.93839694	81.32311914	61.49464721	99.98053403	2.011924413	1	0	0	0
46.39511903	29.67691351	84.3853518	94.85189917	78.05794795	7.510291577	0	0	0	1
44.37768789	33.00579828	44.28855754	72.64775311	75.74904754	4.004654953	0	0	1	0
60.66439952	33.41643936	90.1357736	82.75390738	68.34593607	2.46372639	1	0	0	0
56.66394967	30.70547513	87.24937588	68.48285566	82.75635241	4.663481731	0	0	0	0
44.58550751	34.93346901	54.66633743	75.33359245	88.75927464	5.136743132	0	0	1	0
67.38994705	29.62548172	70.11839053	78.39468505	93.64637591	1.507066549	1	0	0	0
33.78405009	36.35648649	74.21385425	82.18194712	104.2695937	5.663295334	0	0	0	0
59.2390341	25.2701016	72.31006431	80.57368305	97.90346885	2.905684863	0	1	0	0
58.89651887	32.6318979	81.67719933	78.72197	87.13691671	8.422057618	0	0	0	1
45.35680341	40	100	66.84913269	87.02706485	6.047921024	0	0	0	0
54.89199533	26.99834338	96.63533455	64.28253958	97.65236203	4.20020002	0	1	0	0
31.23329635	28.61127515	48.75561613	73.3260751	109.0885524	3.509664459	0	0	1	0
63.86040529	34.56953925	87.44139981	79.33128072	91.89471299	4.790064585	1	0	0	0
47.22646795	32.89790891	100	67.77279299	82.96303719	6.225581483	0	0	0	0
42.15915469	33.7531505	82.73617041	80.65171966	75.10700998	4.949011743	0	0	0	0
65.73513839	34.44593565	96.8196085	84.52616745	68.32192103	4.565682386	1	0	0	0
39.43484464	35.17360734	100	60.83679081	99.99404508	5.116740582	0	0	0	0
28.87308055	37.54849921	95.47419092	61.63079296	98.66967785	3.792282138	0	0	0	0
26.6505624	34.04909328	79.98617191	68.59624941	98.66045288	4.313588146	0	0	0	0
59.09014927	30.79371173	95.90176948	73.07612668	88.0701083	0.828415122	0	0	0	0
30.79355971	35.36286851	77.89775666	64.75432986	111.1040212	6.947452462	0	0	0	1
76.32191273	40	75.47806087	83.52202679	82.73822258	5.597595561	1	0	0	0
18.77105888	31.33683127	67.97171529	74.24066862	104.3290386	3.453088312	0	0	0	0
75.44684552	27.12735348	100	70.39447048	89.41885658	8.797469963	1	1	0	1
53.16526201	37.53540335	58.63142668	55.64090476	80.87473853	5.174032961	0	0	1	0
48.54930332	31.39809418	100	56.84184184	98.88795461	2.927712856	0	0	0	0
41.8262137	21.13665227	84.99728247	72.8100925	96.14454178	6.713474843	0	2	0	0
55.98704172	36.23710839	47.0138765	48.67404374	95.35459139	5.796096433	0	0	1	1
49.43547946	29.32335907	82.35298586	80.1263741	91.21917633	5.789159971	0	0	0	0
66.54952823	31.54733359	32.99946985	68.41846156	89.43160377	4.148488791	1	0	1	0
51.71341473	33.65990165	87.51016034	100	125.8255799	5.900991448	0	0	0	1
52.25452642	32.9524984	92.70462966	93.07916251	107.7638497	4.47648342	0	0	0	0
44.54581682	35.54725909	63.15288089	68.18550931	100.8424034	6.111882903	0	0	0	0
49.14581564	29.82256815	77.47095392	68.93662997	91.67698737	1.190111092	0	0	0	0
54.61702653	34.56552899	100	79.95581514	105.107358	4.132253074	0	0	0	0
24.34747411	30.70226661	64.88506591	87.0317261	97.76992165	8.444310196	0	0	0	1
29.77721867	35.6940524	53.82184826	53.61970943	90.39307129	3.465865089	0	0	1	0
61.14896141	35.07683742	100	52.13624535	85.44653512	3.792323405	1	0	0	0
52.56298157	27.32280649	100	63.77965194	88.78623994	4.104077323	0	1	0	0
47.24024995	37.42991058	75.07391344	75.82737583	60	2.570387728	0	0	0	0
50.276509	29.32018277	95.22926071	74.96873591	93.15901259	0.583438448	0	0	0	0
55.21372558	36.04028899	100	80.69771455	82.6728588	4.538827203	0	0	0	0
41.9036048	33.83643657	60.15031535	58.00302472	113.89005	5.271718848	0	0	0	1
38.32542912	40	65.29388329	46.83856137	90.29016106	4.894989863	0	0	0	1
52.93767883	30.88267009	99.61749026	78.58014195	72.16554871	4.710242876	0	0	0	0
35.32440834	30.25341602	100	61.71803727	89.25179769	5.086081742	0	0	0	0
56.12379134	31.90290197	86.2576172	49.81512136	74.30818372	7.045682943	0	0	0	2
24.46124594	30.48410109	57.40371293	71.45063746	97.10111124	4.619107628	0	0	1	0
65.43733456	35.99970951	100	77.93175688	94.36421047	3.851834846	1	0	0	0
57.08896224	23.91844696	64.38058204	68.77942868	104.3675945	4.43774903	0	2	0	0
53.84044601	26.7315879	68.29724438	65.42151614	78.13677312	6.15869352	0	1	0	0
64.74036476	26.66098539	81.84675669	68.40637768	90.51012144	7.824053757	1	1	0	1
74.98211667	36.75153796	100	66.29417238	69.52467307	3.743712522	1	0	0	0
65.21555098	40	92.07951953	56.51952888	100.5224217	5.197867574	1	0	0	0
22.38688653	31.47775391	83.29731001	62.85319323	97.78306771	5.676714884	0	0	0	0
30.8063455	31.15589138	84.2657706	75.21279905	97.43707532	3.014843987	0	0	0	0
40.62772133	32.35026082	75.87029337	73.21678541	90.02428547	5.040834334	0	0	0	0
50.39136575	37.80939151	86.16279029	71.68059806	96.22159336	2.068652285	0	0	0	0
57.76488531	27.36323433	24.40879845	60.04851518	114.0650866	1.461899393	0	1	2	1
39.1138428	33.19184491	69.06785082	68.18496838	85.72358614	5.733492816	0	0	0	0
52.80150147	36.87598815	79.8264387	48.22934954	92.07967776	4.232250517	0	0	0	1
38.66925601	34.50547085	51.97971833	71.78476664	73.70810551	5.404560815	0	0	1	0
40.82723296	32.94790808	82.72646636	84.28857708	76.97608558	4.964210046	0	0	0	0
28.90008355	37.00523046	70.91057558	55.25867868	91.4671994	3.047199903	0	0	0	0
36.15150131	20	100	64.14072327	106.5590032	4.909491396	0	2	0	0
29.72473092	35.3893766	100	73.29106779	86.15578764	2.53379739	0	0	0	0
35.36190121	28.72962158	65.68388862	82.52842634	86.46125206	7.781944716	0	0	0	1
65.80462695	22.84683552	71.98324577	65.51775384	83.89672133	2.28805931	1	2	0	0
35.75901667	34.556013	73.52104869	63.07749671	81.97864994	4.608429458	0	0	0	0
89.48573097	38.86829273	65.96681048	50.31076858	94.42457184	2.915456824	2	0	0	0
57.39976851	31.31275743	78.90049968	71.03438129	67.54113532	6.140842347	0	0	0	0
52.77254186	36.76437274	59.83435862	90.4207604	109.2140937	4.337137257	0	0	1	0
37.1246333	40	52.3876933	72.77358462	80.01866553	3.962666561	0	0	1	0
60.50464819	38.57457227	87.45422448	69.77721021	100.8285523	6.70640309	1	0	0	0
41.36543261	40	87.59059168	73.22082311	70.95002104	5.058861183	0	0	0	0
51.83014722	35.71063746	58.91368481	69.88907996	100.032602	6.033288892	0	0	1	0
88.40126807	32.37716819	92.90710862	61.86985628	100.0791691	3.037348127	2	0	0	0
48.5591015	23.99017094	62.36844542	78.23279916	95.76303108	2.190366112	0	2	0	0
67.23909989	30.76968756	80.06330476	72.25761523	75.08357217	5.214415924	1	0	0	0
39.45235362	27.78376702	91.40688025	70.17613252	93.74322284	4.362307289	0	1	0	0
49.47517264	40	74.32774871	60.24633973	72.25415723	6.252869345	0	0	0	0
76.56200953	31.12057094	84.09481824	83.03507932	86.20855117	4.840183095	1	0	0	0
40.59549413	32.61602403	64.67140712	76.64702745	105.4411965	5.410150678	0	0	0	0
77.18672837	34.75742688	71.07066833	64.47079163	101.9505289	1.75323494	1	0	0	0
60.61627903	32.21801223	70.88281138	80.01824854	90.22774414	8.776873879	1	0	0	1
41.56299836	40	60.06843307	65.02429162	75.37790136	4.67151603	0	0	0	0
59.48611609	28.88675319	71.46451674	62.17996507	99.68381568	6.395173941	0	0	0	0
64.58831674	32.97303728	44.02763402	62.40296883	90.29071857	3.32781666	1	0	1	0
59.32714943	28.28764707	65.17692506	52.28931447	60	5.616019804	0	0	0	0
26.4466292	25.39988744	69.30249013	74.7154238	101.7394474	2.394310473	0	1	0	0
39.09294236	28.94115455	69.87640495	51.68855122	89.63650749	5.904135677	0	0	0	0
46.28722047	31.81481601	70.17005108	57.71556169	108.0367687	4.288051831	0	0	0	0
48.88349856	29.85348888	73.764716	49.24411991	73.57094222	5.058381008	0	0	0	1
59.31008146	28.5378951	84.58883036	69.13930307	60	6.39594806	0	0	0	0
52.66551501	24.96841268	92.49034148	68.4967954	94.18625788	2.534919378	0	1	0	0
29.96983462	31.58447214	62.00469546	66.73303787	94.37345515	3.631016539	0	0	0	0
55.70296777	24.47639813	50.93598289	59.57422305	64.63992559	5.914648562	0	1	1	0
59.15878618	35.80027982	54.15911176	58.27766247	75.32250681	9.196442949	0	0	1	1
58.39685672	32.41219876	65.25594158	74.64369864	130	4.723835331	0	0	0	1
66.21171088	24.7122425	67.96157364	64.49448068	85.41584079	6.182272236	1	1	0	0
62.50883232	30.45395461	59.60007868	73.16358322	100.9643846	4.78605706	1	0	1	0
56.88770119	28.23921797	49.07766672	61.14751314	80.24010259	8.88449119	0	0	1	1
48.94751433	33.59587255	65.87758345	71.81062743	60	1.505556666	0	0	0	0
25.085586	38.70225223	78.6285324	83.03278037	87.4461263	5.189242089	0	0	0	0
56.44427329	22.62413765	86.90058932	75.861658	86.0159316	1.748911933	0	2	0	0
53.11531531	32.5751304	63.85153894	65.87586182	84.00182642	0	0	0	0	0
54.07368256	31.19933602	66.74004356	72.5719897	88.28038747	5.594924106	0	0	0	0
30.84877136	35.35670038	56.46603382	67.59334825	93.96402407	5.278995592	0	0	1	0
33.78415189	33.06598314	74.37121659	70.07880185	87.74824573	4.430326125	0	0	0	0
65.7972928	28.24015334	58.03142732	66.74388948	71.03990748	4.78761182	1	0	1	0
49.40667269	30.40473032	86.46255626	68.35664794	97.29277187	10	0	0	0	1
60.22251046	28.01987072	39.28267016	72.12093353	60.75942367	4.483649724	1	0	1	0
50.42477564	37.38003569	67.80740655	60.066413	60	6.020248723	0	0	0	0
50.44634209	32.10655824	81.02214678	59.84121173	101.0877074	3.701270361	0	0	0	0
64.07425709	40	78.67669033	56.11457446	97.60530408	5.59046515	1	0	0	0
42.25932908	31.69669593	100	53.99728895	89.13906952	4.52353265	0	0	0	0
51.44181165	28.45796617	81.99600049	57.82717308	69.06827243	4.178963035	0	0	0	0
43.06587067	24.43142804	54.91890806	71.59462507	79.38133589	8.637797064	0	1	1	1
43.48255659	22.98430162	73.09071506	61.07212485	86.05879878	7.354369926	0	2	0	1
45.36241815	24.07932028	39.47507333	75.13614464	66.06159047	5.273493295	0	1	1	0
53.33200657	33.33563326	73.38800501	70.34713749	78.91457013	0.391576128	0	0	0	0
42.81877068	34.54362512	58.33887886	50.31495787	99.78495507	4.277981553	0	0	1	0
68.83634188	24.09404649	93.30780551	76.54975584	111.4095805	10	1	1	0	2
36.58089047	36.47519157	64.00919451	78.10798646	83.70847871	4.538676667	0	0	0	0
47.19692534	29.58469474	72.66468168	60.06137325	101.3473253	7.206435144	0	0	0	1
43.40403413	32.73396506	62.28884317	74.20191543	61.28909894	7.883884804	0	0	0	1
71.70466827	40	100	61.43501763	99.89176862	5.437927832	1	0	0	0
52.94832165	36.48419658	68.57514468	70.97670377	77.94077378	3.316356736	0	0	0	0
65.47766809	30.65734676	100	57.35501593	94.61018425	0.129375336	1	0	0	0
27.7165944	27.54403887	91.28303524	52.06893547	86.28371373	6.368326417	0	1	0	0
54.00575399	21.24092299	84.64133455	66.1718281	109.8062101	3.370487994	0	2	0	0
63.34446193	28.4042334	82.37466295	68.76271054	76.88346527	5.352300904	1	0	0	0
51.23425984	30.94434881	82.87594596	66.02320306	99.41409446	2.500359321	0	0	0	0
65.98220563	27.06410236	36.44654841	58.15969442	85.80738805	4.469524919	1	1	1	0
42.24067325	31.34371516	69.42233212	66.00100938	87.62541783	5.06743811	0	0	0	0
71.1402116	32.38425941	91.90315942	72.69294753	87.2421916	5.537187162	1	0	0	0
84.48347185	30.87572009	74.02205633	69.5510697	77.31490343	2.770355625	2	0	0	0
44.55742159	28.7499871	46.89620306	71.82501031	89.78851551	7.393821898	0	0	1	1
43.31746218	32.84327336	73.95191099	63.298848	89.06027667	3.806210431	0	0	0	0
71.80076716	34.20970325	100	81.71717915	93.61860373	1.651061079	1	0	0	0
73.69358219	26.54800461	99.93783431	58.23826663	91.26757719	4.78195316	1	1	0	0
42.15709959	39.0546619	73.75991981	74.87560297	101.9699182	5.068750618	0	0	0	0
43.69719774	31.50705934	94.02898554	81.81891093	103.8526292	5.321178866	0	0	0	0
45.77323087	32.09424811	67.66985959	74.80908093	74.24065017	7.724264807	0	0	0	1
29.83324233	35.54107212	40.92256826	67.97475773	103.0315875	4.527102327	0	0	1	0
36.2202208	33.16608066	56.51068024	64.71702953	72.20495359	4.760760751	0	0	1	0
34.9378885	36.76568317	100	80.36087651	98.81783832	2.793631238	0	0	0	0
38.48303652	33.43562083	69.52013836	55.77025075	99.29608177	6.641107006	0	0	0	0
49.47972669	28.93781313	70.13232041	60.2987574	61.33024663	5.368618128	0	0	0	0
53.51322099	33.80751763	69.00323607	66.02442235	91.3946887	4.159944545	0	0	0	0
73.25750739	26.28136896	100	82.37653758	82.9725583	1.190650613	1	1	0	0
35.02468939	32.54279853	100	73.79767636	78.61852113	7.88882439	0	0	0	1
64.76483598	31.83385005	100	60.31954241	110.262785	2.544640071	1	0	0	1
46.79016734	30.95941571	71.81909579	66.89692295	80.19481289	3.817443981	0	0	0	0
49.25804436	31.35731244	80.91248977	63.85676856	77.90434606	5.716689022	0	0	0	0
60.12229238	22.59075477	44.66714901	62.90211008	91.1354241	2.606884143	1	2	1	0
33.15916968	29.25637546	100	79.78889559	100.2838462	2.012980443	0	0	0	0
55.73614619	32.46422451	51.64440897	56.28256871	87.87527121	0.752104835	0	0	1	0
52.49678312	32.79928196	79.33551128	86.08780856	107.4955582	6.441993906	0	0	0	0
57.38676896	26.8616243	53.05394945	78.2822969	97.96463493	3.909627511	0	1	1	0
54.33752966	38.3285392	63.22266347	80.90861671	60	10	0	0	0	1
86.8295021	27.66912576	58.25475138	65.37060488	82.05799555	3.011289869	2	1	1	0
40.43390024	36.847286	62.84249479	68.50059281	81.57236851	3.157097953	0	0	0	0
42.03504567	34.13597181	64.21754594	55.66848185	97.1904143	3.869214059	0	0	0	0
40.6528921	28.76886345	64.0346241	64.75337593	60	5.48626931	0	0	0	0
41.66784321	40	91.66667824	74.93654848	128.2351456	4.059593322	0	0	0	1
40.43919309	26.03181584	52.90274414	82.96063062	97.96539142	6.224664428	0	1	1	0
67.83524797	36.59577087	79.41082854	58.92843183	92.23315206	3.04282322	1	0	0	0
71.30756372	37.00291159	99.35918305	66.34494063	107.7235157	2.236816563	1	0	0	0
41.43880559	28.64689895	64.73607271	68.4870078	125.1548108	1.403570521	0	0	0	1
37.5146664	38.9623265	60.64162219	56.04210798	103.0611997	0.552851664	0	0	0	0
57.07123335	30.74976743	70.3895075	75.91349242	104.2321964	3.963861961	0	0	0	0
41.71665434	33.44346815	98.59450417	62.76009668	91.96035037	4.398039375	0	0	0	0
59.49397727	33.30160919	78.88215262	68.04609649	87.8771137	3.737125945	0	0	0	0
53.04384531	31.32845629	64.37571411	65.48050628	82.86306834	7.486811594	0	0	0	1
27.26383828	36.05404137	84.67753302	62.10661494	77.60832012	7.456060419	0	0	0	1
73.21257802	35.9674436	52.954157	69.92955015	79.6947885	4.330394025	1	0	1	0
76.9381651	23.25734013	88.62719021	67.84390421	69.74166053	1.412157774	1	2	0	0
40.80816964	38.52170121	83.17214615	66.28142118	88.86192824	3.866589784	0	0	0	0
44.1844766	23.68754006	68.84383058	62.71538378	64.72998634	3.800357212	0	2	0	0
54.28798086	37.16273102	58.22828403	73.19524671	92.86374786	3.685730075	0	0	1	0
55.01685185	37.63352568	57.26638155	86.53617268	89.45504088	3.604562192	0	0	1	0
59.87816409	26.54516785	85.69634673	71.39887233	92.20402948	3.693074209	0	1	0	0
80.15306808	29.94592856	99.57961005	79.96118215	82.16802645	4.226916768	2	0	0	0
47.34579159	26.47147666	62.25384506	56.09778075	130	3.728917802	0	1	0	1
38.02554133	30.92539485	84.16773407	71.57761439	110.4017385	5.416645017	0	0	0	1
29.31021158	30.45982858	33.25945963	59.02631681	71.3318625	5.720737432	0	0	1	0
39.0360494	35.89830266	63.30764539	55.23075072	93.49302131	3.178709826	0	0	0	0
49.50309541	38.55154373	74.37882134	62.60628593	80.87990786	7.542130652	0	0	0	1
76.91836795	38.97841905	56.80633166	81.91899334	74.7828041	3.039875396	1	0	1	0
42.23583051	29.18915987	56.2698725	79.50015829	69.89891893	1.764398772	0	0	1	0
53.35681927	30.95389063	61.64440887	72.43004722	96.48325036	5.761556143	0	0	0	0
49.75365656	23.58280904	80.84385457	54.6729944	79.77929647	3.365183731	0	2	0	0
67.8258991	27.97064967	71.25341963	68.03719349	104.5173904	5.642582942	1	1	0	0
87.90398639	36.82425817	30.23537533	73.01700009	104.9067332	0.192662798	2	0	1	0
42.03696841	40	32.58599695	71.7553623	110.6087158	7.784911883	0	0	1	2
42.65840836	25.82825564	62.86269644	51.56206417	77.21419851	6.344586816	0	1	0	0
65.66241316	29.0376787	84.15373172	61.09682152	97.13048416	1.999046902	1	0	0	0
60.22837234	31.86797122	20.04990315	69.35922236	99.48681325	2.042445752	1	0	2	0
77.70060989	33.40080579	65.00539648	75.3629091	82.88732737	8.344531808	1	0	0	1
58.75892278	27.9519824	64.47504287	48.03872179	78.42342064	3.525240193	0	1	0	1
44.61061864	34.12030522	100	68.37876025	114.14281	3.331630303	0	0	0	1
58.85982246	29.63080326	67.29956377	71.4304877	93.41243814	0.467895812	0	0	0	0
66.63055371	31.92773865	82.65977969	78.49611989	99.53951626	4.298443589	1	0	0	0
62.30723272	34.73142124	77.8251428	76.92857584	77.66885982	4.54456077	1	0	0	0
57.60911047	32.03211135	32.3886704	75.82571319	71.710733	6.430986194	0	0	1	0
66.00012034	29.81807055	90.36414433	62.00059493	81.45825338	2.201843144	1	0	0	0
67.53943386	31.45195098	79.30793011	50.91997863	88.13967919	1.959426416	1	0	0	0
70.73238487	31.5581852	85.16537279	66.06947243	74.0366999	5.90192527	1	0	0	0
59.73064831	30.14994485	100	80.01631825	89.85232787	7.013460142	0	0	0	1
47.4932288	30.70601969	33.31774121	83.93454528	64.67242218	1.857695298	0	0	1	0
52.2007053	39.99323585	100	77.10549102	73.19928866	7.163028173	0	0	0	1
68.0976345	34.80459724	69.25104961	74.29340823	100.0636687	5.075083683	1	0	0	0
37.74596494	30.52259841	80.74657809	73.79639648	99.0568578	7.183610678	0	0	0	1
55.53009963	35.48477202	74.08975509	64.43881253	84.12184852	4.859559277	0	0	0	0
44.09991782	30.33090255	66.51527333	68.69939706	74.73353536	0	0	0	0	0
50.43117234	37.86562319	63.60334144	86.69069526	74.58894673	4.696065235	0	0	0	0
69.17677794	33.84821096	81.59017471	60.57441994	84.40097631	7.120287637	1	0	0	1
52.86648602	31.46348928	44.65652607	86.14778791	99.66777737	3.212507962	0	0	1	0
50.69654822	34.23858463	90.01158335	66.77971846	103.9236854	4.224070062	0	0	0	0
29.60215789	24.14561924	66.6761119	83.25432109	82.55202397	4.647732993	0	1	0	0
61.19380349	26.36616266	52.39861322	55.93184991	72.69761361	0	1	1	1	0
59.68226272	26.03037497	65.99974284	75.85904201	94.01765457	8.342695151	0	1	0	1
82.44882085	32.71471547	100	62.63229864	77.64697544	3.19724864	2	0	0	0
45.38332648	40	64.29329826	55.84732808	82.22621042	6.011470865	0	0	0	0
53.28725491	40	82.16907236	72.18534042	109.8791414	4.826597728	0	0	0	0
53.74075526	35.19025551	60.38087449	80.09471789	102.4067314	7.515238113	0	0	0	1
73.6617992	34.50422237	90.158437	61.55058561	92.36961468	5.812112245	1	0	0	0
48.57056701	22.99471133	88.71015478	55.0098404	70.92121498	4.530151457	0	2	0	0
54.18532289	29.286631	100	69.08155236	93.17094851	3.212969815	0	0	0	0
59.11844765	28.06108124	71.48872109	69.12564671	105.9398594	6.595701403	0	0	0	0
52.79913685	28.89576201	88.3730961	75.48319628	84.36549501	1.253117392	0	0	0	0
43.30349578	31.15928091	76.96135079	79.49594571	110.2667113	6.291780841	0	0	0	1
52.91134989	29.63954711	100	69.40584819	109.3911793	2.801910497	0	0	0	0
66.10447625	22.10350095	60.62335225	88.55503315	114.9559925	7.504567324	1	2	0	2
34.60227051	35.73955128	89.90010626	72.24234745	94.5786469	5.322599085	0	0	0	0
51.99454511	26.63628487	71.10605408	66.53573494	98.8108755	6.288247536	0	1	0	0
39.49818778	33.19623432	73.71623646	53.88432641	111.2128093	5.163977628	0	0	0	1
67.92569943	40	76.83504969	67.3734048	96.71090906	1.49524581	1	0	0	0
27.15219643	27.40307704	80.04480793	66.63613055	82.48148838	3.278541673	0	1	0	0
41.61617229	20	72.67541914	79.60304796	83.27185745	6.344778675	0	2	0	0
55.65817813	30.56997889	79.29426366	74.62483624	93.57832431	5.333311635	0	0	0	0
73.48286044	37.50479817	100	58.20630878	70.64157867	7.361979811	1	0	0	1
49.01374608	40	94.70899371	71.72254386	87.85111627	5.806549126	0	0	0	0
41.6720071	25.85225203	92.38309185	76.71531172	106.4482068	3.066596219	0	1	0	0
78.21735604	34.48349612	65.88920948	85.28031359	60	3.407871725	1	0	0	0
28.27979149	29.67344772	57.21518344	78.87503967	113.0172315	5.205834781	0	0	1	1
17.01791065	31.47025823	94.10601116	77.60846654	106.8356133	0.371911868	0	0	0	0
56.60021675	40	92.52093585	70.60085995	83.10353076	8.346883771	0	0	0	1
42.46918663	24.48514836	100	73.88312005	98.15086242	5.883493473	0	1	0	0
34.68150774	33.26869831	62.92038748	82.49504901	90.0472159	7.454069194	0	0	0	1
60.62534671	34.33846586	70.40902689	56.67222603	108.4498555	1.838792118	1	0	0	0
53.65701071	37.42893162	42.21031675	66.50560673	104.7402471	7.489130321	0	0	1	1
41.53882054	32.48991577	67.15057788	62.27431251	68.99893915	9.462997822	0	0	0	1
30.79543402	33.5402527	94.93141021	73.79153119	98.8089362	2.358243289	0	0	0	0
63.08685992	30.04175716	65.67009242	82.30222176	86.9155822	6.54280359	1	0	0	0
59.75301767	33.34563471	87.8095959	64.03025713	91.24248856	5.002219889	0	0	0	0
48.51236204	30.28403862	71.18993788	46.09695633	79.07742149	1.911132304	0	0	0	1
77.69955494	35.10785945	81.48114056	65.87779255	116.222056	5.985767944	1	0	0	1
33.94872851	30.15194832	52.0461722	79.13473732	105.6009273	6.66720641	0	0	1	0
27.11712244	33.88550197	76.70418899	75.37629903	78.90343254	3.797746895	0	0	0	0
39.62137895	31.85368593	15.17728058	74.28186248	69.9808409	7.331833041	0	0	2	1
49.31620975	37.63025125	71.26207684	67.20006698	84.21491054	1.666473186	0	0	0	0
53.65009174	31.74303138	42.39053513	57.20969264	96.51753969	2.010487707	0	0	1	0
46.38145913	23.13483766	99.11989033	75.15294322	93.60308766	5.273194791	0	2	0	0
55.28083095	38.3096075	90.54814706	61.6571819	108.7969924	5.050770556	0	0	0	0
31.22690864	27.4713385	84.33341964	91.84096733	101.8487958	3.566853023	0	1	0	0
71.65646906	28.73116831	100	75.70507208	104.5435354	6.619188872	1	0	0	0
48.76773232	29.02169353	56.02166958	64.19351697	94.90283101	6.061788628	0	0	1	0
66.75943747	38.87219047	100	63.88614753	69.16051905	6.716278142	1	0	0	0
55.1408802	21.32162893	93.64383129	69.07055793	87.06452203	4.753727129	0	2	0	0
56.85129829	40	70.26889426	67.60498078	105.9013461	6.205160536	0	0	0	0
58.5465092	37.28028405	97.71240294	81.16833776	89.22715607	4.108699394	0	0	0	0
56.7156284	33.11619457	52.87412975	71.8641617	97.54635553	9.10763738	0	0	1	1
59.6408414	31.72553	58.50971677	62.68368261	85.21877527	3.37490846	0	0	1	0
69.93728795	33.42777037	62.82820554	88.90440685	74.55282227	9.210594859	1	0	0	1
52.94781755	34.60561214	64.42044584	70.49308332	88.14983904	5.069775894	0	0	0	0
60.63505636	35.22607793	53.86884714	77.68839676	94.63571165	2.248978221	1	0	1	0
48.65396459	34.77802233	99.46166134	63.91773493	80.16468421	7.736158701	0	0	0	1
71.60175823	32.44790341	69.82291199	73.63115628	86.46433133	5.251802777	1	0	0	0
39.85411547	31.0133079	82.05009937	73.11109991	75.90805137	6.702248197	0	0	0	0
77.01410649	31.24363358	63.59297267	51.10350708	106.7886738	7.447711837	1	0	0	1
49.39763074	31.0254586	38.58793399	90.1527511	85.58316364	5.675911108	0	0	1	0
28.53837347	37.66885048	80.40114717	82.90644461	111.7913332	3.81551831	0	0	0	1
51.92156622	34.96778361	36.75490049	66.02804684	112.9312178	6.951426755	0	0	1	1
39.78422514	20	73.62731908	58.9773026	88.78431053	5.001511015	0	2	0	0
62.60965323	35.27950388	47.63369922	73.47561614	74.87326901	6.371715637	1	0	1	0
40.21064031	32.97368097	100	70.86697699	60	0.692538852	0	0	0	0
43.3072485	31.90645622	93.22725444	73.55668949	67.9194439	5.893963434	0	0	0	0
21.65688904	30.05740773	77.11507583	71.91577396	69.39247763	3.72282835	0	0	0	0
43.21540521	37.6205636	100	75.06240989	110.6770444	8.306619274	0	0	0	2
13.6418101	36.73763231	58.07368045	84.47305699	91.73736881	6.246174696	0	0	1	0
26.24145765	28.13561166	85.86958757	75.68103205	95.84406786	5.479715492	0	0	0	0
61.40621984	34.03526144	78.99620867	59.50344501	60	5.972619987	1	0	0	0
61.78700238	27.14171633	80.28040163	83.62562853	72.03050356	3.003118294	1	1	0	0
56.38186343	25.10190918	100	86.40614563	103.3061966	8.246513381	0	1	0	1
35.49535785	28.86641388	89.64984206	100	94.30161169	8.982740837	0	0	0	1
49.28432966	36.31196736	80.77447326	58.76505967	87.79192082	5.785827021	0	0	0	0
49.94596191	36.76562523	41.90225128	72.42882013	98.47263538	8.180807137	0	0	1	1
32.62452966	34.5654271	55.79907409	49.17901297	114.5369671	3.861703603	0	0	1	2
72.55097453	35.62547893	72.54582133	75.53149156	86.68436305	3.405772868	1	0	0	0
63.16043436	34.58089144	76.86744749	64.51799702	91.04054704	5.081849497	1	0	0	0
46.68553739	28.79259202	52.39592551	89.23445795	92.88895378	5.869882077	0	0	1	0
50.40328758	34.15961272	100	62.2538503	125.8816445	4.212026638	0	0	0	1
53.12574212	36.00204763	100	53.10816962	60	6.075536381	0	0	0	0
19.37397697	35.77145665	87.04236641	65.28736259	100.2483452	5.612778964	0	0	0	0
46.29233926	37.94456686	76.44073723	50.24512229	88.27796627	3.003386449	0	0	0	0
39.77023628	35.54151924	70.7558206	77.51099455	98.50157589	6.037586035	0	0	0	0
34.97569985	33.75724104	55.9616308	49.34916954	80.13941169	6.727056485	0	0	1	1
45.78349561	37.35075119	76.54961037	70.28457581	89.26552454	5.342938635	0	0	0	0
76.9652979	31.8673937	80.1550508	49.2218818	100.6711587	7.305296207	1	0	0	2
59.61264292	27.59062674	50.16478849	66.79702195	130	2.565192413	0	1	1	1
41.43231515	31.18466518	81.68352834	86.43378156	102.1205428	5.935900844	0	0	0	0
58.58874172	28.27548678	71.89481902	73.60647891	77.27901603	2.659438587	0	0	0	0
